date,cash,position_value,total_value,positions,return,equity,drawdown
2024-12-02,909598.794520548,90456.0,1000054.794520548,"{'021400': {'shares': 80000.0, 'price': 1.1307, 'value': 90456.0, 'profit_pct': 0.0}}",,1.000054794520548,0.0
2024-12-03,909648.6355503848,91328.0,1000976.6355503848,"{'021400': {'shares': 80000.0, 'price': 1.1416, 'value': 91328.0, 'profit_pct': 0.9640045989210144}}",0.0009217905207672406,1.0009766355503849,0.0
2024-12-04,966868.4793112369,34302.0,1001170.4793112369,"{'021400': {'shares': 30000.0, 'price': 1.1434, 'value': 34302.0, 'profit_pct': 1.1231980189263229}}",0.00019365463085518897,1.0011704793112368,0.0
2024-12-05,966921.4584059938,34248.0,1001169.4584059938,"{'021400': {'shares': 30000.0, 'price': 1.1416, 'value': 34248.0, 'profit_pct': 0.9640045989210144}}",-1.0197116916410565e-06,1.0011694584059938,-0.00010197116916410565
2024-12-06,1001651.4404037147,0.0,1001651.4404037147,{},0.0004814189982265127,1.0016514404037147,0.0
2024-12-09,1001706.3254141478,0.0,1001706.3254141478,{},5.4794520548018255e-05,1.0017063254141478,0.0
2024-12-10,1001761.2134319788,0.0,1001761.2134319788,{},5.4794520548018255e-05,1.0017612134319789,0.0
2024-12-11,1001816.1044573725,0.0,1001816.1044573725,{},5.4794520548018255e-05,1.0018161044573723,0.0
2024-12-12,1001870.9984904935,0.0,1001870.9984904935,{},5.4794520548018255e-05,1.0018709984904934,0.0
2024-12-13,1001925.8955315067,0.0,1001925.8955315067,{},5.4794520548018255e-05,1.0019258955315067,0.0
2024-12-16,1001980.795580577,0.0,1001980.795580577,{},5.4794520548018255e-05,1.001980795580577,0.0
2024-12-17,1002035.6986378691,0.0,1002035.6986378691,{},5.4794520548018255e-05,1.0020356986378691,0.0
2024-12-18,1002090.6047035479,0.0,1002090.6047035479,{},5.4794520548018255e-05,1.0020906047035478,0.0
2024-12-19,1002145.5137777783,0.0,1002145.5137777783,{},5.4794520548018255e-05,1.0021455137777782,0.0
2024-12-20,1002200.425860725,0.0,1002200.425860725,{},5.4794520548018255e-05,1.0022004258607249,0.0
2024-12-23,1002255.3409525531,0.0,1002255.3409525531,{},5.4794520548018255e-05,1.0022553409525532,0.0
2024-12-24,1002310.2590534273,0.0,1002310.2590534273,{},5.4794520548018255e-05,1.0023102590534272,0.0
2024-12-25,1002365.1801635125,0.0,1002365.1801635125,{},5.4794520548018255e-05,1.0023651801635125,0.0
2024-12-26,1002420.1042829736,0.0,1002420.1042829736,{},5.4794520548018255e-05,1.0024201042829735,0.0
2024-12-27,1002475.0314119754,0.0,1002475.0314119754,{},5.4794520548018255e-05,1.0024750314119755,0.0
2024-12-30,1002529.961550683,0.0,1002529.961550683,{},5.4794520548018255e-05,1.002529961550683,0.0
2024-12-31,1002584.8946992612,0.0,1002584.8946992612,{},5.4794520548018255e-05,1.0025848946992613,0.0
2025-01-02,1002639.830857875,0.0,1002639.830857875,{},5.4794520548018255e-05,1.002639830857875,0.0
2025-01-03,912206.7700266892,90488.0,1002694.7700266892,"{'021400': {'shares': 80000.0, 'price': 1.1311, 'value': 90488.0, 'profit_pct': 0.0}}",5.4794520548018255e-05,1.002694770026689,0.0
2025-01-06,912256.7539592935,90808.0,1003064.7539592935,"{'021400': {'shares': 80000.0, 'price': 1.1351, 'value': 90808.0, 'profit_pct': 0.3536380514543368}}",0.00036898959051567815,1.0030647539592934,0.0
2025-01-07,912306.7406307433,90576.00000000001,1002882.7406307433,"{'021400': {'shares': 80000.0, 'price': 1.1322, 'value': 90576.00000000001, 'profit_pct': 0.09725046414995145}}",-0.0001814572068570275,1.0028827406307432,-0.01814572068570275
2025-01-08,912356.7300411889,90424.0,1002780.7300411889,"{'021400': {'shares': 80000.0, 'price': 1.1303, 'value': 90424.0, 'profit_pct': -0.07072761029085951}}",-0.0001017173647741565,1.0027807300411888,-0.028315611428220144
2025-01-09,912406.7221907802,89160.0,1001566.7221907802,"{'021400': {'shares': 80000.0, 'price': 1.1145, 'value': 89160.0, 'profit_pct': -1.467597913535492}}",-0.0012106413835443197,1.0015667221907802,-0.1493454697316654
2025-01-10,912456.7170796675,87928.0,1000384.7170796675,"{'021400': {'shares': 80000.0, 'price': 1.0991, 'value': 87928.0, 'profit_pct': -2.8291044116346944}}",-0.001180156134308552,1.0003847170796676,-0.26718483219028144
2025-01-13,803416.7147080007,196362.0,999778.7147080007,"{'021400': {'shares': 180000.0, 'price': 1.0909, 'value': 196362.0, 'profit_pct': -1.6114000541141835}}",-0.0006057693218624038,0.9997787147080006,-0.32759991200190797
2025-01-14,803460.7375416834,199782.00000000003,1003242.7375416834,"{'021400': {'shares': 180000.0, 'price': 1.1099, 'value': 199782.00000000003, 'profit_pct': 0.10221567507441576}}",0.0034647895406478835,1.0032427375416835,0.0
2025-01-15,803504.7627875761,199836.0,1003340.7627875761,"{'021400': {'shares': 180000.0, 'price': 1.1102, 'value': 199836.0, 'profit_pct': 0.12927276553528522}}",9.770840318545915e-05,1.0033407627875761,0.0
2025-01-16,803548.7904458111,201366.0,1004914.7904458111,"{'021400': {'shares': 180000.0, 'price': 1.1187, 'value': 201366.0, 'profit_pct': 0.8958903285933333}}",0.0015687867139593248,1.0049147904458111,0.0
2025-01-17,803592.8205165205,200825.99999999997,1004418.8205165205,"{'021400': {'shares': 180000.0, 'price': 1.1157, 'value': 200825.99999999997, 'profit_pct': 0.6253194239845987}}",-0.0004935442626639031,1.0044188205165205,-0.049354426266390305
2025-01-20,803636.8529998366,200538.00000000003,1004174.8529998366,"{'021400': {'shares': 180000.0, 'price': 1.1141, 'value': 200538.00000000003, 'profit_pct': 0.48101494152662827}}",-0.00024289421076206796,1.0041748529998367,-0.07363185943818351
2025-01-21,803680.8878958914,199367.99999999997,1003048.8878958914,"{'021400': {'shares': 180000.0, 'price': 1.1076, 'value': 199367.99999999997, 'profit_pct': -0.10522201845895682}}",-0.0011212839084562276,1.0030488878958914,-0.1856776880646671
2025-01-22,803724.9252048173,197604.00000000003,1001328.9252048173,"{'021400': {'shares': 180000.0, 'price': 1.0978, 'value': 197604.00000000003, 'profit_pct': -0.9890869735141059}}",-0.0017147346573327393,1.0013289252048174,-0.35683276583111656
2025-01-23,803768.9649267464,199620.0,1003388.9649267464,"{'021400': {'shares': 180000.0, 'price': 1.109, 'value': 199620.0, 'profit_pct': 0.021044403691787356}}",0.0020573057165085284,1.0033889649267465,-0.15183630826925976
2025-01-24,803813.0070618109,200952.0,1004765.0070618109,"{'021400': {'shares': 180000.0, 'price': 1.1164, 'value': 200952.0, 'profit_pct': 0.6884526350599808}}",0.0013713945271114358,1.0047650070618108,-0.014905083040295253
2025-01-27,803857.0516101432,203328.0,1007185.0516101432,"{'021400': {'shares': 180000.0, 'price': 1.1296, 'value': 203328.0, 'profit_pct': 1.8789646153383572}}",0.002408567706203346,1.0071850516101433,0.0
2025-02-05,803901.0985718752,199476.0,1003377.0985718752,"{'021400': {'shares': 180000.0, 'price': 1.1082, 'value': 199476.0, 'profit_pct': -0.05110783753719787}}",-0.0037807878822072594,1.0033770985718753,-0.37807878822072594
2025-02-06,803945.1479471396,199638.0,1003583.1479471396,"{'021400': {'shares': 180000.0, 'price': 1.1091, 'value': 199638.0, 'profit_pct': 0.03006343384541051}}",0.00020535586825487506,1.0035831479471395,-0.3576208420930538
2025-02-07,803989.1997360683,200880.00000000003,1004869.1997360683,"{'021400': {'shares': 180000.0, 'price': 1.116, 'value': 200880.00000000003, 'profit_pct': 0.6523765144454882}}",0.0012814601277026938,1.0048691997360684,-0.22993310617275275
2025-02-10,804033.2539387936,200646.0,1004679.2539387936,"{'021400': {'shares': 180000.0, 'price': 1.1147, 'value': 200646.0, 'profit_pct': 0.5351291224483672}}",-0.00018902539487186676,1.0046792539387936,-0.2487921824637529
2025-02-11,804077.3105554478,201348.0,1005425.3105554478,"{'021400': {'shares': 180000.0, 'price': 1.1186, 'value': 201348.0, 'profit_pct': 0.8868712984397102}}",0.0007425818874327028,1.0054253105554478,-0.17471874228892625
2025-02-12,804121.3695861632,201402.0,1005523.3695861632,"{'021400': {'shares': 180000.0, 'price': 1.1189, 'value': 201402.0, 'profit_pct': 0.9139283889005798}}",9.75299007155428e-05,1.0055233695861632,-0.16498279251896397
2025-02-13,804165.431031072,201456.0,1005621.431031072,"{'021400': {'shares': 180000.0, 'price': 1.1192, 'value': 201456.0, 'profit_pct': 0.9409854793614493}}",9.752279049379808e-05,1.005621431031072,-0.15524660305188398
2025-02-14,804209.4948903067,201816.0,1006025.4948903067,"{'021400': {'shares': 180000.0, 'price': 1.1212, 'value': 201816.0, 'profit_pct': 1.1213660824339322}}",0.0004018051393559485,1.0060254948903067,-0.11512846799927035
2025-02-17,804253.5611639994,201006.0,1005259.5611639994,"{'021400': {'shares': 180000.0, 'price': 1.1167, 'value': 201006.0, 'profit_pct': 0.7155097255208502}}",-0.0007613462384379321,1.0052595611639994,-0.1911754392170173
2025-02-18,804297.6298522823,200340.0,1004637.6298522823,"{'021400': {'shares': 180000.0, 'price': 1.113, 'value': 200340.0, 'profit_pct': 0.38180560983675355}}",-0.0006186773404044388,1.0046376298522823,-0.25292489734516366
2025-02-19,804341.700955288,199818.00000000003,1004159.700955288,"{'021400': {'shares': 180000.0, 'price': 1.1101, 'value': 199818.00000000003, 'profit_pct': 0.12025373538166208}}",-0.0004757226713323348,1.004159700955288,-0.3003768423705866
2025-02-20,804385.7744731486,199350.0,1003735.7744731486,"{'021400': {'shares': 180000.0, 'price': 1.1075, 'value': 199350.0, 'profit_pct': -0.11424104861257997}}",-0.0004221703796080112,1.0037357744731485,-0.3424670701258292
2025-02-21,804429.8504059965,198108.0,1002537.8504059965,"{'021400': {'shares': 180000.0, 'price': 1.1006, 'value': 198108.0, 'profit_pct': -0.7365541292126376}}",-0.0011934655490194457,1.0025378504059965,-0.4614049023779043
2025-02-24,804473.928753964,198234.0,1002707.928753964,"{'021400': {'shares': 180000.0, 'price': 1.1013, 'value': 198234.0, 'profit_pct': -0.6734209181372756}}",0.00016964780721107076,1.002707928753964,-0.4445183979867262
2025-02-25,804518.0095171835,196974.0,1001492.0095171835,"{'021400': {'shares': 180000.0, 'price': 1.0943, 'value': 196974.0, 'profit_pct': -1.3047530288909566}}",-0.0012126355062250793,1.0014920095171835,-0.5652429098166656
2025-02-26,804562.0926957873,199206.0,1003768.0926957873,"{'021400': {'shares': 180000.0, 'price': 1.1067, 'value': 199206.0, 'profit_pct': -0.1863932898415652}}",0.00227269230006244,1.0037680926957873,-0.33925830301921867
2025-02-27,804606.1782899076,201240.00000000003,1005846.1782899076,"{'021400': {'shares': 180000.0, 'price': 1.118, 'value': 201240.00000000003, 'profit_pct': 0.8327571175179713}}",0.0020702845699540617,1.0058461782899077,-0.13293220725378863
2025-02-28,804650.266299677,199872.0,1004522.266299677,"{'021400': {'shares': 180000.0, 'price': 1.1104, 'value': 199872.0, 'profit_pct': 0.14731082584253152}}",-0.001316217150102883,1.004522266299677,-0.264378954613087
2025-03-03,804694.3567252277,199638.0,1004332.3567252277,"{'021400': {'shares': 180000.0, 'price': 1.1091, 'value': 199638.0, 'profit_pct': 0.03006343384541051}}",-0.0001890546191164466,1.0043323567252276,-0.2832344344621651
2025-03-04,804738.4495666921,199656.0,1004394.4495666921,"{'021400': {'shares': 180000.0, 'price': 1.1092, 'value': 199656.0, 'profit_pct': 0.039082463999033666}}",6.182499353779569e-05,1.004394449566692,-0.2770694460754619
2025-03-05,804782.5448242027,200538.00000000003,1005320.5448242027,"{'021400': {'shares': 180000.0, 'price': 1.1141, 'value': 200538.00000000003, 'profit_pct': 0.48101494152662827}}",0.0009220433843597498,1.0053205448242026,-0.18512057768925727
2025-03-06,804826.6424978917,200483.99999999997,1005310.6424978917,"{'021400': {'shares': 180000.0, 'price': 1.1138, 'value': 200483.99999999997, 'profit_pct': 0.45395785106573877}}",-9.84991937347246e-06,1.0053106424978917,-0.18610374620383618
2025-03-07,804870.7425878916,200718.0,1005588.7425878916,"{'021400': {'shares': 180000.0, 'price': 1.1151, 'value': 200718.0, 'profit_pct': 0.5712052430628598}}",0.0002766310016464324,1.0055887425878915,-0.15849212810491453
2025-03-10,804914.8450943349,201240.00000000003,1006154.8450943349,"{'021400': {'shares': 180000.0, 'price': 1.118, 'value': 201240.00000000003, 'profit_pct': 0.8327571175179713}}",0.0005629562886577677,1.006154845094335,-0.10228572337935837
2025-03-11,804958.9500173539,202446.0,1007404.9500173539,"{'021400': {'shares': 180000.0, 'price': 1.1247, 'value': 202446.0, 'profit_pct': 1.4370321378107827}}",0.0012424577877987453,1.0074049500173539,0.0
2025-03-12,805003.0573570809,201672.0,1006675.0573570809,"{'021400': {'shares': 180000.0, 'price': 1.1204, 'value': 201672.0, 'profit_pct': 1.049213841204947}}",-0.0007245275698322118,1.0066750573570808,-0.07245275698322118
2025-03-13,805047.1671136484,202986.0,1008033.1671136484,"{'021400': {'shares': 180000.0, 'price': 1.1277, 'value': 202986.0, 'profit_pct': 1.7076030424194972}}",0.001349104407268209,1.0080331671136484,0.0
2025-03-14,805091.2792871889,204426.0,1009517.2792871889,"{'021400': {'shares': 180000.0, 'price': 1.1357, 'value': 204426.0, 'profit_pct': 2.42912545470943}}",0.0014722850616017968,1.009517279287189,0.0
2025-03-17,805135.3938778348,205092.0,1010227.3938778348,"{'021400': {'shares': 180000.0, 'price': 1.1394, 'value': 205092.0, 'profit_pct': 2.7628295703935266}}",0.0007034199465583146,1.0102273938778348,0.0
2025-03-18,805179.5108857185,204786.0,1009965.5108857185,"{'021400': {'shares': 180000.0, 'price': 1.1377, 'value': 204786.0, 'profit_pct': 2.609506057781913}}",-0.0002592317271371547,1.0099655108857186,-0.02592317271371547
2025-03-19,805223.6303109726,205056.0,1010279.6303109726,"{'021400': {'shares': 180000.0, 'price': 1.1392, 'value': 205056.0, 'profit_pct': 2.74479151008628}}",0.00031101995253135506,1.0102796303109727,0.0
2025-03-20,805267.7521537294,204552.0,1009819.7521537294,"{'021400': {'shares': 180000.0, 'price': 1.1364, 'value': 204552.0, 'profit_pct': 2.492258665784812}}",-0.00045519888102818484,1.0098197521537295,-0.045519888102818484
2025-03-21,805311.8764141215,203759.99999999997,1009071.8764141215,"{'021400': {'shares': 180000.0, 'price': 1.132, 'value': 203759.99999999997, 'profit_pct': 2.095421339025333}}",-0.0007406031997422291,1.0090718764141215,-0.1195464959022563
2025-03-24,805356.0030922812,204768.0,1010124.0030922812,"{'021400': {'shares': 180000.0, 'price': 1.1376, 'value': 204768.0, 'profit_pct': 2.6004870276282896}}",0.0010426677254138372,1.0101240030922811,-0.015404370633853581
2025-03-25,862605.1321883411,148733.0,1011338.1321883411,"{'021400': {'shares': 130000.0, 'price': 1.1441, 'value': 148733.0, 'profit_pct': 3.186723987613855}}",0.001201960444799921,1.011338132188341,0.0
2025-03-26,919782.3982229816,91408.0,1011190.3982229816,"{'021400': {'shares': 80000.0, 'price': 1.1426, 'value': 91408.0, 'profit_pct': 3.0514385353095075}}",-0.00014607771689556515,1.0111903982229815,-0.014607771689556515
2025-03-27,919832.7972585007,91328.0,1011160.7972585007,"{'021400': {'shares': 80000.0, 'price': 1.1416, 'value': 91328.0, 'profit_pct': 2.961248233773256}}",-2.9273383660433083e-05,1.0111607972585006,-0.017534682436692872
2025-03-28,829187.1990556108,181392.0,1010579.1990556108,"{'021400': {'shares': 160000.0, 'price': 1.1337, 'value': 181392.0, 'profit_pct': 1.1118708564973059}}",-0.0005751787494795435,1.0105791990556108,-0.075042471807929
2025-03-31,829232.6339706276,180496.00000000003,1009728.6339706276,"{'021400': {'shares': 160000.0, 'price': 1.1281, 'value': 180496.00000000003, 'profit_pct': 0.6124208460921128}}",-0.0008416609858763469,1.0097286339706275,-0.1591454100747569
2025-04-01,829278.0713752287,182144.0,1011422.0713752287,"{'021400': {'shares': 160000.0, 'price': 1.1384, 'value': 182144.0, 'profit_pct': 1.531052115230262}}",0.0016771213052975131,1.0114220713752287,0.0
2025-04-02,886438.5112695507,125653.00000000001,1012091.5112695507,"{'021400': {'shares': 110000.0, 'price': 1.1423, 'value': 125653.00000000001, 'profit_pct': 1.878883372476748}}",0.0006618798553721383,1.0120915112695505,0.0
2025-04-03,943672.083242771,68622.0,1012294.083242771,"{'021400': {'shares': 60000.0, 'price': 1.1437, 'value': 68622.0, 'profit_pct': 2.003745875078036}}",0.00020015183505117662,1.012294083242771,0.0
2025-04-07,750529.7913021268,257591.99999999997,1008121.7913021268,"{'021400': {'shares': 240000.0, 'price': 1.0733, 'value': 257591.99999999997, 'profit_pct': -1.104166346729744}}",-0.004121620396395742,1.0081217913021268,-0.4121620396395742
2025-04-08,750570.9162221983,263568.0,1014138.9162221983,"{'021400': {'shares': 240000.0, 'price': 1.0982, 'value': 263568.0, 'profit_pct': 1.1901653945974189}}",0.005968648800160903,1.0141389162221983,0.0
2025-04-09,750612.0433956899,264360.0,1014972.0433956899,"{'021400': {'shares': 240000.0, 'price': 1.1015, 'value': 264360.0, 'profit_pct': 1.494233456701004}}",0.000821511885763293,1.01497204339569,0.0
2025-04-10,750653.1728227254,266640.0,1017293.1728227254,"{'021400': {'shares': 240000.0, 'price': 1.111, 'value': 266640.0, 'profit_pct': 2.3695809082113684}}",0.002286890010556153,1.0172931728227255,0.0
2025-04-11,750694.304503428,265584.0,1016278.304503428,"{'021400': {'shares': 240000.0, 'price': 1.1066, 'value': 265584.0, 'profit_pct': 1.9641568254065742}}",-0.0009976163670510907,1.016278304503428,-0.09976163670510907
2025-04-14,750735.4384379215,267720.0,1018455.4384379215,"{'021400': {'shares': 240000.0, 'price': 1.1155, 'value': 267720.0, 'profit_pct': 2.7842191747162697}}",0.002142261548678137,1.0184554384379214,0.0
2025-04-15,750776.5746263291,268920.0,1019696.5746263291,"{'021400': {'shares': 240000.0, 'price': 1.1205, 'value': 268920.0, 'profit_pct': 3.2449283597217318}}",0.0012186455504732407,1.0196965746263291,0.0
2025-04-16,750817.7130687744,270024.0,1020841.7130687744,"{'021400': {'shares': 240000.0, 'price': 1.1251, 'value': 270024.0, 'profit_pct': 3.6687808099267425}}",0.0011230188184803147,1.0208417130687744,0.0
2025-04-17,750858.853765381,269496.0,1020354.853765381,"{'021400': {'shares': 240000.0, 'price': 1.1229, 'value': 269496.0, 'profit_pct': 3.466068768524345}}",-0.0004769194843438074,1.020354853765381,-0.04769194843438074
2025-04-18,750899.9967162723,269664.0,1020563.9967162723,"{'021400': {'shares': 240000.0, 'price': 1.1236, 'value': 269664.0, 'profit_pct': 3.530568054425101}}",0.0002049708002265227,1.0205639967162723,-0.027204643868561362
2025-04-21,750941.1419215719,269304.0,1020245.1419215719,"{'021400': {'shares': 240000.0, 'price': 1.1221, 'value': 269304.0, 'profit_pct': 3.392355298923481}}",-0.00031242998550440326,1.020245141921572,-0.05843914287251284
2025-04-22,750982.2893814032,270264.0,1021246.2893814032,"{'021400': {'shares': 240000.0, 'price': 1.1261, 'value': 270264.0, 'profit_pct': 3.7609226469278423}}",0.0009812812810319205,1.0212462893814032,0.0
2025-04-23,751023.4390958899,269112.0,1020135.4390958899,"{'021400': {'shares': 240000.0, 'price': 1.1213, 'value': 269112.0, 'profit_pct': 3.3186418293225968}}",-0.0010877398498908564,1.0201354390958899,-0.10877398498908564
2025-04-24,751064.5910651555,270480.0,1021544.5910651555,"{'021400': {'shares': 240000.0, 'price': 1.127, 'value': 270480.0, 'profit_pct': 3.843850300228815}}",0.001381338119685882,1.0215445910651555,0.0
2025-04-25,751105.7452893235,270120.0,1021225.7452893235,"{'021400': {'shares': 240000.0, 'price': 1.1255, 'value': 270120.0, 'profit_pct': 3.7056375447271743}}",-0.000312121251113906,1.0212257452893234,-0.0312121251113906
2025-04-28,751146.9017685174,270048.0,1021194.9017685174,"{'021400': {'shares': 240000.0, 'price': 1.1252, 'value': 270048.0, 'profit_pct': 3.67799499362685}}",-3.0202451268279695e-05,1.0211949017685173,-0.034231427555542204
2025-04-29,751188.0605028609,269496.0,1020684.0605028609,"{'021400': {'shares': 240000.0, 'price': 1.1229, 'value': 269496.0, 'profit_pct': 3.466068768524345}}",-0.0005002387543963094,1.0206840605028609,-0.08423817910848674
2025-04-30,751229.2214924776,267912.0,1019141.2214924776,"{'021400': {'shares': 240000.0, 'price': 1.1163, 'value': 267912.0, 'profit_pct': 2.857932644317154}}",-0.001511573531993049,1.0191412214924775,-0.2352682001058759
2025-05-06,751270.3847374909,268512.0,1019782.3847374909,"{'021400': {'shares': 240000.0, 'price': 1.1188, 'value': 268512.0, 'profit_pct': 3.0882872368198755}}",0.0006291210987172668,1.019782384737491,-0.1725041024226992
2025-05-07,751311.5502380246,270216.0,1021527.5502380246,"{'021400': {'shares': 240000.0, 'price': 1.1259, 'value': 270216.0, 'profit_pct': 3.742494279527606}}",0.0017113116745812729,1.0215275502380246,-0.0016681432489562553
2025-05-08,751352.717994202,270624.0,1021976.717994202,"{'021400': {'shares': 240000.0, 'price': 1.1276, 'value': 270624.0, 'profit_pct': 3.899135402429463}}",0.00043970204824406167,1.021976717994202,0.0
2025-05-09,751393.888006147,272040.0,1023433.888006147,"{'021400': {'shares': 240000.0, 'price': 1.1335, 'value': 272040.0, 'profit_pct': 4.442772240735898}}",0.0014258348417222066,1.023433888006147,0.0
2025-05-12,751435.060273983,272904.0,1024339.060273983,"{'021400': {'shares': 240000.0, 'price': 1.1371, 'value': 272904.0, 'profit_pct': 4.774482853939827}}",0.0008844462533867947,1.024339060273983,0.0
2025-05-13,808706.2347978337,217474.0,1026180.2347978337,"{'021400': {'shares': 190000.0, 'price': 1.1446, 'value': 217474.0, 'profit_pct': 5.46554663144801}}",0.001797426843566985,1.0261802347978337,0.0
2025-05-14,923820.5474682336,103563.0,1027383.5474682336,"{'021400': {'shares': 90000.0, 'price': 1.1507, 'value': 103563.0, 'profit_pct': 6.0276118371546605}}",0.0011726133768663605,1.0273835474682336,0.0
2025-05-15,981216.1677722045,45876.0,1027092.1677722045,"{'021400': {'shares': 40000.0, 'price': 1.1469, 'value': 45876.0, 'profit_pct': 5.677472856550516}}",-0.0002836133562262866,1.0270921677722045,-0.02836133562262866
2025-05-16,981269.9330416715,45632.0,1026901.9330416715,"{'021400': {'shares': 40000.0, 'price': 1.1408, 'value': 45632.0, 'profit_pct': 5.115407650843864}}",-0.00018521680575711574,1.0269019330416715,-0.04687776320235759
2025-05-19,1027095.7012571808,0.0,1027095.7012571808,{},0.0001886920350178123,1.0270957012571809,-0.02801740516111817
2025-05-20,1027151.9804736881,0.0,1027151.9804736881,{},5.4794520548018255e-05,1.0271519804736882,-0.022539488306594357
2025-05-21,1027208.2627739881,0.0,1027208.2627739881,{},5.4794520548018255e-05,1.027208262773988,-0.017061271292251323
2025-05-22,1027264.5481582497,0.0,1027264.5481582497,{},5.4794520548018255e-05,1.0272645481582496,-0.011582754101635562
2025-05-23,1027320.836626642,0.0,1027320.836626642,{},5.4794520548018255e-05,1.027320836626642,-0.006103936718293568
2025-05-26,936457.128179334,90920.0,1027377.128179334,"{'021400': {'shares': 80000.0, 'price': 1.1365, 'value': 90920.0, 'profit_pct': 0.0}}",5.4794520548018255e-05,1.027377128179334,-0.0006248191257718361
2025-05-27,936508.4408986863,90664.0,1027172.4408986863,"{'021400': {'shares': 80000.0, 'price': 1.1333, 'value': 90664.0, 'profit_pct': -0.2815662120545615}}",-0.00019923285717915462,1.0271724408986862,-0.020547980359186813
2025-05-28,936559.7564296945,90960.0,1027519.7564296945,"{'021400': {'shares': 80000.0, 'price': 1.137, 'value': 90960.0, 'profit_pct': 0.04399472063351913}}",0.00033812777405151095,1.0275197564296945,0.0
2025-05-29,936611.0747725127,91128.0,1027739.0747725127,"{'021400': {'shares': 80000.0, 'price': 1.1391, 'value': 91128.0, 'profit_pct': 0.22877254729431903}}",0.00021344440478721083,1.0277390747725126,0.0
2025-05-30,936662.3959272947,91264.0,1027926.3959272947,"{'021400': {'shares': 80000.0, 'price': 1.1408, 'value': 91264.0, 'profit_pct': 0.37835459744830363}}",0.0001822652844287731,1.0279263959272948,0.0
2025-06-03,993938.719894195,34335.0,1028273.719894195,"{'021400': {'shares': 30000.0, 'price': 1.1445, 'value': 34335.0, 'profit_pct': 0.7039155301363842}}",0.0003378879735711493,1.028273719894195,0.0
2025-06-04,1028448.1822898057,0.0,1028448.1822898057,{},0.00016966532571571769,1.0284481822898057,0.0
2025-06-05,1028504.5356148628,0.0,1028504.5356148628,{},5.4794520548018255e-05,1.0285045356148628,0.0
2025-06-06,1028560.8920277733,0.0,1028560.8920277733,{},5.4794520548018255e-05,1.0285608920277733,0.0
2025-06-09,1028617.2515287064,0.0,1028617.2515287064,{},5.4794520548018255e-05,1.0286172515287064,0.0
2025-06-10,1028673.6141178313,0.0,1028673.6141178313,{},5.4794520548018255e-05,1.0286736141178314,0.0
2025-06-11,1028729.9797953173,0.0,1028729.9797953173,{},5.4794520548018255e-05,1.0287299797953173,0.0
2025-06-12,1028786.3485613335,0.0,1028786.3485613335,{},5.4794520548018255e-05,1.0287863485613336,0.0
2025-06-13,1028842.7204160492,0.0,1028842.7204160492,{},5.4794520548018255e-05,1.0288427204160493,0.0
2025-06-16,1028899.0953596338,0.0,1028899.0953596338,{},5.4794520548018255e-05,1.0288990953596338,0.0
2025-06-17,1028955.4733922563,0.0,1028955.4733922563,{},5.4794520548018255e-05,1.0289554733922563,0.0
2025-06-18,1029011.854514086,0.0,1029011.854514086,{},5.4794520548018255e-05,1.029011854514086,0.0
2025-06-19,1029068.2387252924,0.0,1029068.2387252924,{},5.4794520548018255e-05,1.0290682387252923,0.0
2025-06-20,1029124.6260260445,0.0,1029124.6260260445,{},5.4794520548018255e-05,1.0291246260260445,0.0
2025-06-23,1029181.0164165117,0.0,1029181.0164165117,{},5.4794520548018255e-05,1.0291810164165118,0.0
2025-06-24,1029237.4098968634,0.0,1029237.4098968634,{},5.4794520548018255e-05,1.0292374098968633,0.0
2025-06-25,1029293.8064672687,0.0,1029293.8064672687,{},5.4794520548018255e-05,1.0292938064672688,0.0
2025-06-26,1029350.2061278971,0.0,1029350.2061278971,{},5.4794520548018255e-05,1.0293502061278972,0.0
2025-06-27,1029406.6088789179,0.0,1029406.6088789179,{},5.4794520548018255e-05,1.0294066088789178,0.0
2025-06-30,1029463.0147205003,0.0,1029463.0147205003,{},5.4794520548018255e-05,1.0294630147205004,0.0
2025-07-01,1029519.4236528139,0.0,1029519.4236528139,{},5.4794520548018255e-05,1.0295194236528138,0.0
2025-07-02,1029575.8356760278,0.0,1029575.8356760278,{},5.4794520548018255e-05,1.0295758356760278,0.0
2025-07-03,1029632.2507903115,0.0,1029632.2507903115,{},5.4794520548018255e-05,1.0296322507903115,0.0
2025-07-04,1029688.6689958343,0.0,1029688.6689958343,{},5.4794520548018255e-05,1.0296886689958342,0.0
2025-07-07,1029745.0902927656,0.0,1029745.0902927656,{},5.4794520548018255e-05,1.0297450902927656,0.0
2025-07-08,1029801.5146812749,0.0,1029801.5146812749,{},5.4794520548018255e-05,1.029801514681275,0.0
2025-07-09,1029857.9421615314,0.0,1029857.9421615314,{},5.4794520548018255e-05,1.0298579421615315,0.0
2025-07-10,1029914.3727337047,0.0,1029914.3727337047,{},5.4794520548018255e-05,1.0299143727337048,0.0
2025-07-11,1029970.8063979642,0.0,1029970.8063979642,{},5.4794520548018255e-05,1.0299708063979642,0.0
2025-07-14,1030027.2431544793,0.0,1030027.2431544793,{},5.4794520548018255e-05,1.0300272431544792,0.0
2025-07-15,1030083.6830034193,0.0,1030083.6830034193,{},5.4794520548018255e-05,1.0300836830034192,0.0
2025-07-16,1030140.1259449539,0.0,1030140.1259449539,{},5.4794520548018255e-05,1.0301401259449539,0.0
2025-07-17,1030196.5719792523,0.0,1030196.5719792523,{},5.4794520548018255e-05,1.0301965719792523,0.0
2025-07-18,1030253.0211064841,0.0,1030253.0211064841,{},5.4794520548018255e-05,1.0302530211064842,0.0
2025-07-21,1030309.4733268188,0.0,1030309.4733268188,{},5.4794520548018255e-05,1.0303094733268188,0.0
2025-07-22,1030365.9286404258,0.0,1030365.9286404258,{},5.4794520548018255e-05,1.0303659286404259,0.0
2025-07-23,1030422.3870474746,0.0,1030422.3870474746,{},5.4794520548018255e-05,1.0304223870474747,0.0
2025-07-24,1030478.8485481348,0.0,1030478.8485481348,{},5.4794520548018255e-05,1.0304788485481349,0.0
2025-07-25,1030535.3131425759,0.0,1030535.3131425759,{},5.4794520548018255e-05,1.0305353131425758,0.0
2025-07-28,1030591.7808309674,0.0,1030591.7808309674,{},5.4794520548018255e-05,1.0305917808309673,0.0
2025-07-29,1030648.2516134788,0.0,1030648.2516134788,{},5.4794520548018255e-05,1.0306482516134787,0.0
2025-07-30,1030704.7254902796,0.0,1030704.7254902796,{},5.4794520548018255e-05,1.0307047254902797,0.0
2025-07-31,1030761.2024615394,0.0,1030761.2024615394,{},5.4794520548018255e-05,1.0307612024615393,0.0
2025-08-01,1030817.6825274278,0.0,1030817.6825274278,{},5.4794520548018255e-05,1.0308176825274278,0.0
2025-08-04,1030874.1656881144,0.0,1030874.1656881144,{},5.4794520548018255e-05,1.0308741656881144,0.0
2025-08-05,1030930.6519437686,0.0,1030930.6519437686,{},5.4794520548018255e-05,1.0309306519437687,0.0
2025-08-06,1030987.1412945602,0.0,1030987.1412945602,{},5.4794520548018255e-05,1.0309871412945601,0.0
2025-08-07,1031043.6337406585,0.0,1031043.6337406585,{},5.4794520548018255e-05,1.0310436337406585,0.0
2025-08-08,1031100.1292822334,0.0,1031100.1292822334,{},5.4794520548018255e-05,1.0311001292822335,0.0
2025-08-11,1031156.6279194545,0.0,1031156.6279194545,{},5.4794520548018255e-05,1.0311566279194544,0.0
2025-08-12,1031213.1296524912,0.0,1031213.1296524912,{},5.4794520548018255e-05,1.0312131296524911,0.0
2025-08-13,1031269.6344815133,0.0,1031269.6344815133,{},5.4794520548018255e-05,1.0312696344815133,0.0
2025-08-14,1031326.1424066904,0.0,1031326.1424066904,{},5.4794520548018255e-05,1.0313261424066904,0.0
2025-08-15,1031382.6534281923,0.0,1031382.6534281923,{},5.4794520548018255e-05,1.0313826534281922,0.0
2025-08-18,1031439.1675461883,0.0,1031439.1675461883,{},5.4794520548018255e-05,1.0314391675461883,0.0
2025-08-19,1031495.6847608485,0.0,1031495.6847608485,{},5.4794520548018255e-05,1.0314956847608485,0.0
2025-08-20,1031552.2050723423,0.0,1031552.2050723423,{},5.4794520548018255e-05,1.0315522050723422,0.0
2025-08-21,1031608.7284808395,0.0,1031608.7284808395,{},5.4794520548018255e-05,1.0316087284808395,0.0
2025-08-22,1031665.2549865098,0.0,1031665.2549865098,{},5.4794520548018255e-05,1.0316652549865097,0.0
2025-08-25,1031721.7845895229,0.0,1031721.7845895229,{},5.4794520548018255e-05,1.0317217845895228,0.0
2025-08-26,1031778.3172900483,0.0,1031778.3172900483,{},5.4794520548018255e-05,1.0317783172900483,0.0
2025-08-27,1031834.8530882561,0.0,1031834.8530882561,{},5.4794520548018255e-05,1.0318348530882562,0.0
2025-08-28,1031891.3919843158,0.0,1031891.3919843158,{},5.4794520548018255e-05,1.0318913919843158,0.0
2025-08-29,1031947.9339783973,0.0,1031947.9339783973,{},5.4794520548018255e-05,1.0319479339783972,0.0
2025-09-01,1032004.4790706702,0.0,1032004.4790706702,{},5.4794520548018255e-05,1.0320044790706702,0.0
2025-09-02,1032061.0272613043,0.0,1032061.0272613043,{},5.4794520548018255e-05,1.0320610272613042,0.0
2025-09-03,1032117.5785504694,0.0,1032117.5785504694,{},5.4794520548018255e-05,1.0321175785504693,0.0
2025-09-04,1032174.1329383352,0.0,1032174.1329383352,{},5.4794520548018255e-05,1.0321741329383352,0.0
2025-09-05,1032230.6904250716,0.0,1032230.6904250716,{},5.4794520548018255e-05,1.0322306904250715,0.0
2025-09-08,1032287.2510108484,0.0,1032287.2510108484,{},5.4794520548018255e-05,1.0322872510108485,0.0
2025-09-09,1032343.8146958355,0.0,1032343.8146958355,{},5.4794520548018255e-05,1.0323438146958355,0.0
2025-09-10,1032400.3814802024,0.0,1032400.3814802024,{},5.4794520548018255e-05,1.0324003814802025,0.0
2025-09-11,1032456.9513641192,0.0,1032456.9513641192,{},5.4794520548018255e-05,1.032456951364119,0.0
2025-09-12,1032513.5243477557,0.0,1032513.5243477557,{},5.4794520548018255e-05,1.0325135243477557,0.0
2025-09-15,1032570.1004312817,0.0,1032570.1004312817,{},5.4794520548018255e-05,1.0325701004312817,0.0
2025-09-16,1032626.6796148671,0.0,1032626.6796148671,{},5.4794520548018255e-05,1.032626679614867,0.0
2025-09-17,1032683.2618986816,0.0,1032683.2618986816,{},5.4794520548018255e-05,1.0326832618986816,0.0
2025-09-18,1032739.8472828954,0.0,1032739.8472828954,{},5.4794520548018255e-05,1.0327398472828953,0.0
2025-09-19,1032796.4357676781,0.0,1032796.4357676781,{},5.4794520548018255e-05,1.032796435767678,0.0
2025-09-22,1032853.0273531997,0.0,1032853.0273531997,{},5.4794520548018255e-05,1.0328530273531997,0.0
2025-09-23,1032909.6220396301,0.0,1032909.6220396301,{},5.4794520548018255e-05,1.03290962203963,0.0
2025-09-24,1032966.2198271392,0.0,1032966.2198271392,{},5.4794520548018255e-05,1.0329662198271392,0.0
2025-09-25,1033022.8207158969,0.0,1033022.8207158969,{},5.4794520548018255e-05,1.033022820715897,0.0
2025-09-26,1033079.4247060732,0.0,1033079.4247060732,{},5.4794520548018255e-05,1.0330794247060733,0.0
2025-09-29,1033136.031797838,0.0,1033136.031797838,{},5.4794520548018255e-05,1.033136031797838,0.0
2025-09-30,1033192.6419913613,0.0,1033192.6419913613,{},5.4794520548018255e-05,1.0331926419913613,0.0
2025-10-09,1033249.2552868129,0.0,1033249.2552868129,{},5.4794520548018255e-05,1.0332492552868129,0.0
2025-10-10,1033305.8716843629,0.0,1033305.8716843629,{},5.4794520548018255e-05,1.0333058716843628,0.0
2025-10-13,1033362.4911841813,0.0,1033362.4911841813,{},5.4794520548018255e-05,1.0333624911841812,0.0
2025-10-14,1033419.113786438,0.0,1033419.113786438,{},5.4794520548018255e-05,1.033419113786438,0.0
2025-10-15,1033475.7394913031,0.0,1033475.7394913031,{},5.4794520548018255e-05,1.033475739491303,0.0
2025-10-16,1033532.3682989465,0.0,1033532.3682989465,{},5.4794520548018255e-05,1.0335323682989466,0.0
2025-10-17,1033589.0002095384,0.0,1033589.0002095384,{},5.4794520548018255e-05,1.0335890002095385,0.0
2025-10-20,1033645.6352232486,0.0,1033645.6352232486,{},5.4794520548018255e-05,1.0336456352232486,0.0
2025-10-21,1033702.2733402472,0.0,1033702.2733402472,{},5.4794520548018255e-05,1.0337022733402472,0.0
2025-10-22,1033758.9145607043,0.0,1033758.9145607043,{},5.4794520548018255e-05,1.0337589145607042,0.0
2025-10-23,1033815.5588847898,0.0,1033815.5588847898,{},5.4794520548018255e-05,1.0338155588847897,0.0
2025-10-24,1033872.206312674,0.0,1033872.206312674,{},5.4794520548018255e-05,1.033872206312674,0.0
2025-10-27,1033928.8568445268,0.0,1033928.8568445268,{},5.4794520548018255e-05,1.0339288568445268,0.0
2025-10-28,1033985.5104805183,0.0,1033985.5104805183,{},5.4794520548018255e-05,1.0339855104805182,0.0
2025-10-29,1034042.1672208187,0.0,1034042.1672208187,{},5.4794520548018255e-05,1.0340421672208187,0.0
2025-10-30,1034098.827065598,0.0,1034098.827065598,{},5.4794520548018255e-05,1.034098827065598,0.0
2025-10-31,1034155.4900150263,0.0,1034155.4900150263,{},5.4794520548018255e-05,1.0341554900150263,0.0
2025-11-03,1034212.1560692738,0.0,1034212.1560692738,{},5.4794520548018255e-05,1.0342121560692739,0.0
2025-11-04,1034268.8252285105,0.0,1034268.8252285105,{},5.4794520548018255e-05,1.0342688252285106,0.0
2025-11-05,1034325.4974929068,0.0,1034325.4974929068,{},5.4794520548018255e-05,1.0343254974929068,0.0
2025-11-06,1034382.1728626324,0.0,1034382.1728626324,{},5.4794520548018255e-05,1.0343821728626323,0.0
2025-11-07,1034438.8513378579,0.0,1034438.8513378579,{},5.4794520548018255e-05,1.034438851337858,0.0
2025-11-10,1034495.5329187532,0.0,1034495.5329187532,{},5.4794520548018255e-05,1.0344955329187533,0.0
2025-11-11,1034552.2176054886,0.0,1034552.2176054886,{},5.4794520548018255e-05,1.0345522176054887,0.0
2025-11-12,1034608.9053982341,0.0,1034608.9053982341,{},5.4794520548018255e-05,1.0346089053982341,0.0
2025-11-13,1034665.5962971601,0.0,1034665.5962971601,{},5.4794520548018255e-05,1.03466559629716,0.0
2025-11-14,1034722.2903024368,0.0,1034722.2903024368,{},5.4794520548018255e-05,1.034722290302437,0.0
2025-11-17,1034778.9874142343,0.0,1034778.9874142343,{},5.4794520548018255e-05,1.0347789874142344,0.0
2025-11-18,1034835.6876327229,0.0,1034835.6876327229,{},5.4794520548018255e-05,1.034835687632723,0.0
2025-11-19,1034892.3909580727,0.0,1034892.3909580727,{},5.4794520548018255e-05,1.0348923909580727,0.0
2025-11-20,1034949.097390454,0.0,1034949.097390454,{},5.4794520548018255e-05,1.034949097390454,0.0
2025-11-21,1035005.8069300371,0.0,1035005.8069300371,{},5.4794520548018255e-05,1.0350058069300372,0.0
2025-11-24,1035062.5195769923,0.0,1035062.5195769923,{},5.4794520548018255e-05,1.0350625195769922,0.0
2025-11-25,1035119.2353314897,0.0,1035119.2353314897,{},5.4794520548018255e-05,1.0351192353314898,0.0
2025-11-26,1035175.9541936998,0.0,1035175.9541936998,{},5.4794520548018255e-05,1.0351759541936998,0.0
2025-11-27,1035232.6761637926,0.0,1035232.6761637926,{},5.4794520548018255e-05,1.0352326761637927,0.0
2025-11-28,1035289.4012419387,0.0,1035289.4012419387,{},5.4794520548018255e-05,1.0352894012419387,0.0
2025-12-01,1035346.1294283082,0.0,1035346.1294283082,{},5.4794520548018255e-05,1.0353461294283082,0.0
2025-12-02,1035402.8607230715,0.0,1035402.8607230715,{},5.4794520548018255e-05,1.0354028607230714,0.0
2025-12-03,1035459.5951263988,0.0,1035459.5951263988,{},5.4794520548018255e-05,1.0354595951263987,0.0
2025-12-04,1035516.3326384607,0.0,1035516.3326384607,{},5.4794520548018255e-05,1.0355163326384607,0.0
2025-12-05,1035573.0732594272,0.0,1035573.0732594272,{},5.4794520548018255e-05,1.0355730732594273,0.0
2025-12-08,1035629.8169894689,0.0,1035629.8169894689,{},5.4794520548018255e-05,1.0356298169894689,0.0
2025-12-09,945862.5638287561,89824.0,1035686.5638287561,"{'021400': {'shares': 80000.0, 'price': 1.1228, 'value': 89824.0, 'profit_pct': 0.0}}",5.4794520548018255e-05,1.035686563828756,0.0
2025-12-10,945914.3919144454,89888.0,1035802.3919144454,"{'021400': {'shares': 80000.0, 'price': 1.1236, 'value': 89888.0, 'profit_pct': 0.07125044531527537}}",0.00011183700719374912,1.0358023919144455,0.0
2025-12-11,945966.2228400299,89216.0,1035182.2228400299,"{'021400': {'shares': 80000.0, 'price': 1.1152, 'value': 89216.0, 'profit_pct': -0.6768792304951952}}",-0.000598733000866436,1.0351822228400298,-0.0598733000866436
2025-12-12,946018.056605665,89024.0,1035042.056605665,"{'021400': {'shares': 80000.0, 'price': 1.1128, 'value': 89024.0, 'profit_pct': -0.890630566441041}}",-0.0001354024743395188,1.035042056605665,-0.07340544052761855
2025-12-15,946069.8932115065,89431.99999999999,1035501.8932115065,"{'021400': {'shares': 80000.0, 'price': 1.1179, 'value': 89431.99999999999, 'profit_pct': -0.43640897755612096}}",0.00044426852310675,1.0355018932115065,-0.029011199943596022
2025-12-16,946121.73265771,88775.99999999999,1034897.73265771,"{'021400': {'shares': 80000.0, 'price': 1.1097, 'value': 88775.99999999999, 'profit_pct': -1.1667260420377725}}",-0.0005834470779408907,1.03489773265771,-0.0873389812378611
2025-12-17,946173.574944431,89016.0,1035189.574944431,"{'021400': {'shares': 80000.0, 'price': 1.1127, 'value': 89016.0, 'profit_pct': -0.8995368721054504}}",0.0002820010881379176,1.0351895749444309,-0.059163502111814203
2025-12-18,946225.4200718253,89688.0,1035913.4200718253,"{'021400': {'shares': 80000.0, 'price': 1.1211, 'value': 89688.0, 'profit_pct': -0.15140719629497995}}",0.0006992391972582279,1.0359134200718252,0.0
2025-12-19,946277.2680400484,89840.0,1036117.2680400484,"{'021400': {'shares': 80000.0, 'price': 1.123, 'value': 89840.0, 'profit_pct': 0.017812611328818843}}",0.00019678089333852178,1.0361172680400483,0.0
2025-12-22,946329.1188492562,89431.99999999999,1035761.1188492562,"{'021400': {'shares': 80000.0, 'price': 1.1179, 'value': 89431.99999999999, 'profit_pct': -0.43640897755612096}}",-0.0003437344418223409,1.0357611188492561,-0.03437344418223409
2025-12-23,946380.9724996042,89448.00000000001,1035828.9724996042,"{'021400': {'shares': 80000.0, 'price': 1.1181, 'value': 89448.00000000001, 'profit_pct': -0.41859636622728236}}",6.551090701623075e-05,1.0358289724996042,-0.027824605316106865
2025-12-24,946432.8289912482,89648.0,1036080.8289912482,"{'021400': {'shares': 80000.0, 'price': 1.1206, 'value': 89648.0, 'profit_pct': -0.19593872461702702}}",0.00024314486110199596,1.0360808289912482,-0.003516884615695215
2025-12-25,946484.6883243436,89888.0,1036372.6883243436,"{'021400': {'shares': 80000.0, 'price': 1.1236, 'value': 89888.0, 'profit_pct': 0.07125044531527537}}",0.00028169552502932405,1.0363726883243436,0.0
2025-12-26,946536.5504990465,90304.0,1036840.5504990465,"{'021400': {'shares': 80000.0, 'price': 1.1288, 'value': 90304.0, 'profit_pct': 0.5343783398646247}}",0.0004514420149948073,1.0368405504990466,0.0
2025-12-29,946588.4155155122,90104.0,1036692.4155155122,"{'021400': {'shares': 80000.0, 'price': 1.1263, 'value': 90104.0, 'profit_pct': 0.3117206982543693}}",-0.0001428715181547302,1.0366924155155122,-0.01428715181547302
2025-12-30,946640.2833738967,90056.0,1036696.2833738967,"{'021400': {'shares': 80000.0, 'price': 1.1257, 'value': 90056.0, 'profit_pct': 0.25828286426789304}}",3.7309604339341718e-06,1.0366962833738966,-0.013914109076873515
2025-12-31,946692.1540743556,90128.0,1036820.1540743556,"{'021400': {'shares': 80000.0, 'price': 1.1266, 'value': 90128.0, 'profit_pct': 0.3384396152475976}}",0.00011948600804823073,1.0368201540743556,-0.0019671708133883747
2026-01-05,946744.0276170446,90440.0,1037184.0276170446,"{'021400': {'shares': 80000.0, 'price': 1.1305, 'value': 90440.0, 'profit_pct': 0.6857855361596046}}",0.00035095145600627653,1.0371840276170445,0.0
2026-01-06,1003955.9040021196,34296.0,1038251.9040021196,"{'021400': {'shares': 30000.0, 'price': 1.1432, 'value': 34296.0, 'profit_pct': 1.8168863555397197}}",0.0010295920074361309,1.0382519040021196,0.0
2026-01-07,1038321.9152845307,0.0,1038321.9152845307,{},6.743188444091608e-05,1.0383219152845307,0.0
2026-01-08,1038378.8096360533,0.0,1038378.8096360533,{},5.4794520548018255e-05,1.0383788096360533,0.0
2026-01-09,1038435.7071050745,0.0,1038435.7071050745,{},5.4794520548018255e-05,1.0384357071050745,0.0
2026-01-12,1038492.6076917653,0.0,1038492.6076917653,{},5.4794520548018255e-05,1.0384926076917653,0.0
2026-01-13,1038549.5113962964,0.0,1038549.5113962964,{},5.4794520548018255e-05,1.0385495113962964,0.0
2026-01-14,947694.4182188387,90912.0,1038606.4182188387,"{'021400': {'shares': 80000.0, 'price': 1.1364, 'value': 90912.0, 'profit_pct': 0.0}}",5.4794520548018255e-05,1.0386064182188388,0.0
2026-01-15,947746.3466801111,90576.00000000001,1038322.3466801111,"{'021400': {'shares': 80000.0, 'price': 1.1322, 'value': 90576.00000000001, 'profit_pct': -0.36958817317845666}}",-0.0002735122118875388,1.038322346680111,-0.027351221188753883
2026-01-16,947798.2779867786,89848.0,1037646.2779867786,"{'021400': {'shares': 80000.0, 'price': 1.1231, 'value': 89848.0, 'profit_pct': -1.170362548398459}}",-0.0006511163854791002,1.0376462779867786,-0.09244505090838517
2026-01-19,947850.2121389972,90544.0,1038394.2121389972,"{'021400': {'shares': 80000.0, 'price': 1.1318, 'value': 90544.0, 'profit_pct': -0.40478704681451594}}",0.0007207987616644207,1.038394212138997,-0.020431809020160507
2026-01-20,1005192.1491369227,34374.0,1039566.1491369227,"{'021400': {'shares': 30000.0, 'price': 1.1458, 'value': 34374.0, 'profit_pct': 0.8271735304470127}}",0.0011286050945058523,1.0395661491369226,0.0
2026-01-21,1005247.2281587933,34176.0,1039423.2281587933,"{'021400': {'shares': 30000.0, 'price': 1.1392, 'value': 34176.0, 'profit_pct': 0.24639211545229792}}",-0.0001374813697503363,1.0394232281587934,-0.013748136975033631
2026-01-22,1039712.3101986925,0.0,1039712.3101986925,{},0.0002781177407504831,1.0397123101986925,0.0
2026-01-23,1039769.2807362376,0.0,1039769.2807362376,{},5.4794520548018255e-05,1.0397692807362378,0.0
2026-01-26,1039826.2543954562,0.0,1039826.2543954562,{},5.4794520548018255e-05,1.0398262543954562,0.0
2026-01-27,1039883.2311765191,0.0,1039883.2311765191,{},5.4794520548018255e-05,1.0398832311765192,0.0
2026-01-28,1039940.2110795974,0.0,1039940.2110795974,{},5.4794520548018255e-05,1.0399402110795974,0.0
2026-01-29,1039997.194104862,0.0,1039997.194104862,{},5.4794520548018255e-05,1.039997194104862,0.0
2026-01-30,1040054.1802524843,0.0,1040054.1802524843,{},5.4794520548018255e-05,1.0400541802524843,0.0
2026-02-02,949847.1695226352,90264.0,1040111.1695226352,"{'021400': {'shares': 80000.0, 'price': 1.1283, 'value': 90264.0, 'profit_pct': 0.0}}",5.4794520548018255e-05,1.0401111695226353,0.0
2026-02-03,949899.215942883,90912.0,1040811.215942883,"{'021400': {'shares': 80000.0, 'price': 1.1364, 'value': 90912.0, 'profit_pct': 0.7178941770805634}}",0.0006730496131188701,1.040811215942883,0.0
2026-02-04,1043143.2652149895,0.0,1043143.2652149895,{},0.0022406073612435407,1.0431432652149895,0.0
2026-02-05,1043200.4237500699,0.0,1043200.4237500699,{},5.4794520548018255e-05,1.0432004237500698,0.0
2026-02-06,1043257.5854171248,0.0,1043257.5854171248,{},5.4794520548018255e-05,1.0432575854171249,0.0
2026-02-09,1043314.7502163259,0.0,1043314.7502163259,{},5.4794520548018255e-05,1.0433147502163258,0.0
2026-02-10,1043371.9181478446,0.0,1043371.9181478446,{},5.4794520548018255e-05,1.0433719181478447,0.0
2026-02-11,1043429.0892118528,0.0,1043429.0892118528,{},5.4794520548018255e-05,1.0434290892118527,0.0
2026-02-12,1043486.263408522,0.0,1043486.263408522,{},5.4794520548018255e-05,1.043486263408522,0.0
2026-02-13,1043543.440738024,0.0,1043543.440738024,{},5.4794520548018255e-05,1.043543440738024,0.0
2026-02-24,1043600.6212005302,0.0,1043600.6212005302,{},5.4794520548018255e-05,1.0436006212005302,0.0
2026-02-25,1043657.8047962125,0.0,1043657.8047962125,{},5.4794520548018255e-05,1.0436578047962124,0.0
2026-02-26,1043714.9915252425,0.0,1043714.9915252425,{},5.4794520548018255e-05,1.0437149915252424,0.0
2026-02-27,1043772.1813877919,0.0,1043772.1813877919,{},5.4794520548018255e-05,1.0437721813877918,0.0
2026-03-02,1043829.3743840323,0.0,1043829.3743840323,{},5.4794520548018255e-05,1.0438293743840323,0.0
2026-03-03,1043886.5705141356,0.0,1043886.5705141356,{},5.4794520548018255e-05,1.0438865705141356,0.0
2026-03-04,1043943.7697782735,0.0,1043943.7697782735,{},5.4794520548018255e-05,1.0439437697782736,0.0
2026-03-05,1044000.9721766176,0.0,1044000.9721766176,{},5.4794520548018255e-05,1.0440009721766177,0.0
2026-03-06,1044058.1777093397,0.0,1044058.1777093397,{},5.4794520548018255e-05,1.0440581777093396,0.0
2026-03-09,1044115.3863766114,0.0,1044115.3863766114,{},5.4794520548018255e-05,1.0441153863766115,0.0
2026-03-10,1044172.5981786047,0.0,1044172.5981786047,{},5.4794520548018255e-05,1.0441725981786047,0.0
2026-03-11,1044229.8131154913,0.0,1044229.8131154913,{},5.4794520548018255e-05,1.0442298131154912,0.0
2026-03-12,1044287.031187443,0.0,1044287.031187443,{},5.4794520548018255e-05,1.044287031187443,0.0
2026-03-13,1044344.2523946314,0.0,1044344.2523946314,{},5.4794520548018255e-05,1.0443442523946314,0.0
2026-03-16,1044401.4767372285,0.0,1044401.4767372285,{},5.4794520548018255e-05,1.0444014767372285,0.0
2026-03-17,1044458.7042154059,0.0,1044458.7042154059,{},5.4794520548018255e-05,1.0444587042154059,0.0
2026-03-18,1044515.9348293355,0.0,1044515.9348293355,{},5.4794520548018255e-05,1.0445159348293356,0.0
2026-03-19,1044573.1685791893,0.0,1044573.1685791893,{},5.4794520548018255e-05,1.0445731685791892,0.0
2026-03-20,1044630.405465139,0.0,1044630.405465139,{},5.4794520548018255e-05,1.044630405465139,0.0
2026-03-23,1044687.6454873563,0.0,1044687.6454873563,{},5.4794520548018255e-05,1.0446876454873564,0.0
2026-03-24,1044744.8886460132,0.0,1044744.8886460132,{},5.4794520548018255e-05,1.0447448886460131,0.0
2026-03-25,1044802.1349412815,0.0,1044802.1349412815,{},5.4794520548018255e-05,1.0448021349412815,0.0
2026-03-26,1044859.3843733332,0.0,1044859.3843733332,{},5.4794520548018255e-05,1.0448593843733331,0.0
2026-03-27,1044916.6369423401,0.0,1044916.6369423401,{},5.4794520548018255e-05,1.0449166369423402,0.0
2026-03-30,1044973.892648474,0.0,1044973.892648474,{},5.4794520548018255e-05,1.044973892648474,0.0
2026-03-31,1045031.1514919068,0.0,1045031.1514919068,{},5.4794520548018255e-05,1.0450311514919068,0.0
2026-04-01,1045088.4134728106,0.0,1045088.4134728106,{},5.4794520548018255e-05,1.0450884134728107,0.0
2026-04-02,1045145.6785913572,0.0,1045145.6785913572,{},5.4794520548018255e-05,1.045145678591357,0.0
2026-04-03,1045202.9468477184,0.0,1045202.9468477184,{},5.4794520548018255e-05,1.0452029468477184,0.0
2026-04-07,1045260.2182420663,0.0,1045260.2182420663,{},5.4794520548018255e-05,1.0452602182420663,0.0
2026-04-08,1045317.4927745728,0.0,1045317.4927745728,{},5.4794520548018255e-05,1.0453174927745728,0.0
2026-04-09,1045374.7704454098,0.0,1045374.7704454098,{},5.4794520548018255e-05,1.0453747704454097,0.0
2026-04-10,1045432.0512547494,0.0,1045432.0512547494,{},5.4794520548018255e-05,1.0454320512547495,0.0
2026-04-13,1045489.3352027634,0.0,1045489.3352027634,{},5.4794520548018255e-05,1.0454893352027634,0.0
2026-04-14,1045546.622289624,0.0,1045546.622289624,{},5.4794520548018255e-05,1.045546622289624,0.0
2026-04-15,1045603.9125155029,0.0,1045603.9125155029,{},5.4794520548018255e-05,1.045603912515503,0.0
2026-04-16,1045661.2058805723,0.0,1045661.2058805723,{},5.4794520548018255e-05,1.0456612058805723,0.0
2026-04-17,1045718.5023850042,0.0,1045718.5023850042,{},5.4794520548018255e-05,1.0457185023850042,0.0
2026-04-20,1045775.8020289706,0.0,1045775.8020289706,{},5.4794520548018255e-05,1.0457758020289705,0.0
2026-04-21,1045833.1048126435,0.0,1045833.1048126435,{},5.4794520548018255e-05,1.0458331048126435,0.0
2026-04-22,1045890.4107361949,0.0,1045890.4107361949,{},5.4794520548018255e-05,1.0458904107361948,0.0
2026-04-23,1045947.7197997969,0.0,1045947.7197997969,{},5.4794520548018255e-05,1.0459477197997968,0.0
2026-04-24,1046005.0320036217,0.0,1046005.0320036217,{},5.4794520548018255e-05,1.0460050320036216,0.0
2026-04-27,1046062.3473478411,0.0,1046062.3473478411,{},5.4794520548018255e-05,1.0460623473478412,0.0
2026-04-28,1046119.6658326274,0.0,1046119.6658326274,{},5.4794520548018255e-05,1.0461196658326275,0.0
2026-04-29,1046176.9874581526,0.0,1046176.9874581526,{},5.4794520548018255e-05,1.0461769874581526,0.0
2026-04-30,1046234.3122245887,0.0,1046234.3122245887,{},5.4794520548018255e-05,1.0462343122245887,0.0
2026-05-06,1046291.6401321079,0.0,1046291.6401321079,{},5.4794520548018255e-05,1.0462916401321078,0.0
2026-05-07,1046348.9711808823,0.0,1046348.9711808823,{},5.4794520548018255e-05,1.0463489711808822,0.0
2026-05-08,1046406.305371084,0.0,1046406.305371084,{},5.4794520548018255e-05,1.046406305371084,0.0
2026-05-11,1046463.6427028852,0.0,1046463.6427028852,{},5.4794520548018255e-05,1.0464636427028853,0.0
2026-05-12,1046520.983176458,0.0,1046520.983176458,{},5.4794520548018255e-05,1.0465209831764581,0.0
2026-05-13,1046578.3267919746,0.0,1046578.3267919746,{},5.4794520548018255e-05,1.0465783267919746,0.0
2026-05-14,1046635.6735496072,0.0,1046635.6735496072,{},5.4794520548018255e-05,1.0466356735496072,0.0
2026-05-15,1046693.0234495278,0.0,1046693.0234495278,{},5.4794520548018255e-05,1.0466930234495277,0.0
2026-05-18,1046750.3764919087,0.0,1046750.3764919087,{},5.4794520548018255e-05,1.0467503764919086,0.0
2026-05-19,1046807.732676922,0.0,1046807.732676922,{},5.4794520548018255e-05,1.046807732676922,0.0
2026-05-20,1046865.09200474,0.0,1046865.09200474,{},5.4794520548018255e-05,1.04686509200474,0.0
2026-05-21,956578.4544755348,90344.0,1046922.4544755348,"{'021400': {'shares': 80000.0, 'price': 1.1293, 'value': 90344.0, 'profit_pct': 0.0}}",5.4794520548018255e-05,1.046922454475535,0.0
2026-05-22,956630.8697333144,90200.0,1046830.8697333144,"{'021400': {'shares': 80000.0, 'price': 1.1275, 'value': 90200.0, 'profit_pct': -0.1593907730452514}}",-8.747996743119213e-05,1.0468308697333144,-0.008747996743119213
2026-05-25,956683.2878631628,90640.0,1047323.2878631628,"{'021400': {'shares': 80000.0, 'price': 1.133, 'value': 90640.0, 'profit_pct': 0.32763658903746007}}",0.0004703893857982422,1.0473232878631629,0.0
2026-05-26,956735.7088652375,90719.99999999999,1047455.7088652375,"{'021400': {'shares': 80000.0, 'price': 1.134, 'value': 90719.99999999999, 'profit_pct': 0.4161870185070333}}",0.0001264375609797419,1.0474557088652376,0.0
2026-05-27,956788.132739696,89992.0,1046780.132739696,"{'021400': {'shares': 80000.0, 'price': 1.1249, 'value': 89992.0, 'profit_pct': -0.3896218896661613}}",-0.000644968679652802,1.046780132739696,-0.0644968679652802
2026-05-28,956840.5594866954,89848.0,1046688.5594866954,"{'021400': {'shares': 80000.0, 'price': 1.1231, 'value': 89848.0, 'profit_pct': -0.5490126627114127}}",-8.74808855617637e-05,1.0466885594866955,-0.0732393142783283
2026-05-29,956892.9891063934,90928.0,1047820.9891063934,"{'021400': {'shares': 80000.0, 'price': 1.1366, 'value': 90928.0, 'profit_pct': 0.6464181351279628}}",0.0010819164969695372,1.0478209891063934,0.0
2026-06-01,1050153.4215989471,0.0,1050153.4215989471,{},0.0022259837479901012,1.0501534215989472,0.0
2026-06-02,1050210.9642521855,0.0,1050210.9642521855,{},5.4794520548018255e-05,1.0502109642521855,0.0
2026-06-03,1050268.510058446,0.0,1050268.510058446,{},5.4794520548018255e-05,1.0502685100584461,0.0
2026-06-04,1050326.0590179013,0.0,1050326.0590179013,{},5.4794520548018255e-05,1.0503260590179013,0.0
2026-06-05,1050383.6111307242,0.0,1050383.6111307242,{},5.4794520548018255e-05,1.050383611130724,0.0
2026-06-08,1050441.1663970875,0.0,1050441.1663970875,{},5.4794520548018255e-05,1.0504411663970874,0.0
2026-06-09,1050498.7248171642,0.0,1050498.7248171642,{},5.4794520548018255e-05,1.0504987248171642,0.0
2026-06-10,1050556.286391127,0.0,1050556.286391127,{},5.4794520548018255e-05,1.0505562863911269,0.0
2026-06-11,959853.8511191485,90760.0,1050613.8511191485,"{'021400': {'shares': 80000.0, 'price': 1.1345, 'value': 90760.0, 'profit_pct': 0.0}}",5.4794520548018255e-05,1.0506138511191485,0.0
2026-06-12,1051978.445850717,0.0,1051978.445850717,{},0.001298854693486895,1.0519784458507169,0.0
2026-06-15,1052036.0885052842,0.0,1052036.0885052842,{},5.4794520548018255e-05,1.0520360885052842,0.0
2026-06-16,962373.734318353,89720.0,1052093.734318353,"{'021400': {'shares': 80000.0, 'price': 1.1215, 'value': 89720.0, 'profit_pct': 0.0}}",5.4794520548018255e-05,1.052093734318353,0.0
2026-06-17,962426.467125713,88936.0,1051362.467125713,"{'021400': {'shares': 80000.0, 'price': 1.1117, 'value': 88936.0, 'profit_pct': -0.8738296923762845}}",-0.0006950589750578384,1.051362467125713,-0.06950589750578384
2026-06-18,853399.2028225419,196344.0,1049743.2028225418,"{'021400': {'shares': 180000.0, 'price': 1.0908, 'value': 196344.0, 'profit_pct': -1.2354124748490858}}",-0.0015401579890881312,1.0497432028225417,-0.22341464635127206
2026-06-22,853445.9644226966,198360.00000000003,1051805.9644226967,"{'021400': {'shares': 180000.0, 'price': 1.102, 'value': 198360.00000000003, 'profit_pct': -0.22132796780682337}}",0.001965015438641249,1.0518059644226967,-0.027352115716450243
2026-06-23,853492.7285851308,197280.00000000003,1050772.7285851308,"{'021400': {'shares': 180000.0, 'price': 1.096, 'value': 197280.00000000003, 'profit_pct': -0.7645875251508883}}",-0.0009823445317056478,1.0507727285851307,-0.12555969968570668
2026-06-24,853539.4953099848,194634.0,1048173.4953099848,"{'021400': {'shares': 180000.0, 'price': 1.0813, 'value': 194634.0, 'profit_pct': -2.0955734406438604}}",-0.0024736398313705,1.0481734953099848,-0.3726130933483951
2026-06-25,853586.264597399,192384.0,1045970.264597399,"{'021400': {'shares': 180000.0, 'price': 1.0688, 'value': 192384.0, 'profit_pct': -3.227364185110657}}",-0.002101971403058789,1.045970264597399,-0.5820270115876491
2026-06-26,853633.0364475141,188928.00000000003,1042561.0364475141,"{'021400': {'shares': 180000.0, 'price': 1.0496, 'value': 188928.00000000003, 'profit_pct': -4.965794768611653}}",-0.0032593929916326925,1.0425610364475142,-0.9060692559884065
2026-06-29,853679.8108604702,190242.0,1043921.8108604702,"{'021400': {'shares': 180000.0, 'price': 1.0569, 'value': 190242.0, 'profit_pct': -4.304828973843054}}",0.0013052227786998216,1.0439218108604702,-0.7767296003504232
2026-06-30,729142.5878364078,311460.0,1040602.5878364078,"{'021400': {'shares': 300000.0, 'price': 1.0382, 'value': 311460.0, 'profit_pct': -3.687257254533304}}",-0.003179570528684006,1.0406025878364078,-1.0922169866727893
2026-07-01,729182.5408549195,316410.0,1045592.5408549195,"{'021400': {'shares': 300000.0, 'price': 1.0547, 'value': 316410.0, 'profit_pct': -2.156569279865421}}",0.0047952533242172635,1.0455925408549194,-0.6179291113871721
2026-07-02,729222.4960626377,319260.0,1048482.4960626377,"{'021400': {'shares': 300000.0, 'price': 1.0642, 'value': 319260.0, 'profit_pct': -1.2752640823293584}}",0.0027639401533556818,1.0484824960626375,-0.34324301513448674
2026-07-03,729262.4534596823,322410.0,1051672.4534596824,"{'021400': {'shares': 300000.0, 'price': 1.0747, 'value': 322410.0, 'profit_pct': -0.30118991663161626}}",0.0030424517424219033,1.0516724534596824,-0.04004214120175709
2026-07-06,729302.4130461733,328650.0,1057952.4130461733,"{'021400': {'shares': 300000.0, 'price': 1.0955, 'value': 328650.0, 'profit_pct': 1.628404621131532}}",0.005971402565344119,1.0579524130461733,0.0
2026-07-07,729342.3748222307,324360.0,1053702.3748222305,"{'021400': {'shares': 300000.0, 'price': 1.0812, 'value': 324360.0, 'profit_pct': 0.3018083764193649}}",-0.00401723004885024,1.0537023748222305,-0.401723004885024
2026-07-08,729382.3387879744,326070.0,1055452.3387879743,"{'021400': {'shares': 300000.0, 'price': 1.0869, 'value': 326070.0, 'profit_pct': 0.8305914949410023}}",0.0016607763326328406,1.0554523387879744,-0.236312543680528
2026-07-09,729422.3049435245,322290.0,1051712.3049435245,"{'021400': {'shares': 300000.0, 'price': 1.0743, 'value': 322290.0, 'profit_pct': -0.33829750389628827}}",-0.0035435364601538177,1.0517123049435246,-0.5898288075813829
2026-07-10,729462.273289001,321390.0,1050852.273289001,"{'021400': {'shares': 300000.0, 'price': 1.0713, 'value': 321390.0, 'profit_pct': -0.6166044083813692}}",-0.0008177442162470294,1.050852273289001,-0.6711209001101226
2026-07-13,729502.2438245238,322590.0,1052092.2438245239,"{'021400': {'shares': 300000.0, 'price': 1.0753, 'value': 322590.0, 'profit_pct': -0.24552853573460834}}",0.001179966553854328,1.052092243824524,-0.553916144940414
2026-07-14,729542.2165502128,328980.0,1058522.2165502128,"{'021400': {'shares': 300000.0, 'price': 1.0966, 'value': 328980.0, 'profit_pct': 1.7304504861094003}}",0.006111605482723714,1.0585222165502128,0.0
2026-07-15,729582.1914661882,333300.0,1062882.191466188,"{'021400': {'shares': 300000.0, 'price': 1.111, 'value': 333300.0, 'profit_pct': 3.0663236276377357}}",0.004118926223565467,1.0628821914661881,0.0
2026-07-16,729622.16857257,330240.0,1059862.16857257,"{'021400': {'shares': 300000.0, 'price': 1.1008, 'value': 330240.0, 'profit_pct': 2.120080152388497}}",-0.002841352426323107,1.05986216857257,-0.2841352426323107
2026-07-17,729662.1478694781,328260.0,1057922.147869478,"{'021400': {'shares': 300000.0, 'price': 1.0942, 'value': 328260.0, 'profit_pct': 1.5078049625213479}}",-0.0018304462227430873,1.057922147869478,-0.46665977062499975
2026-07-20,729702.1293570326,338220.0,1067922.1293570325,"{'021400': {'shares': 300000.0, 'price': 1.1274, 'value': 338220.0, 'profit_pct': 4.58773470548945}}",0.009452473896773173,1.0679221293570325,0.0
2026-07-21,729742.1130353536,334740.0,1064482.1130353536,"{'021400': {'shares': 300000.0, 'price': 1.1158, 'value': 334740.0, 'profit_pct': 3.51161467481384}}",-0.003221223933012829,1.0644821130353537,-0.3221223933012829
2026-07-22,729782.098904561,338490.0,1068272.098904561,"{'021400': {'shares': 300000.0, 'price': 1.1283, 'value': 338490.0, 'profit_pct': 4.671226776834983}}",0.0035604035265566214,1.068272098904561,0.0
2026-07-23,729822.086964775,341610.0,1071432.0869647749,"{'021400': {'shares': 300000.0, 'price': 1.1387, 'value': 341610.0, 'profit_pct': 5.636024045716558}}",0.0029580366869585983,1.0714320869647749,0.0
2026-07-24,729862.0772161155,335940.0,1065802.0772161155,"{'021400': {'shares': 300000.0, 'price': 1.1198, 'value': 335940.0, 'profit_pct': 3.882690547460601}}",-0.005254658524002531,1.0658020772161156,-0.5254658524002531
2026-07-27,729902.0696587028,338430.00000000006,1068332.069658703,"{'021400': {'shares': 300000.0, 'price': 1.1281, 'value': 338430.00000000006, 'profit_pct': 4.652672983202647}}",0.002373791998225183,1.0683320696587029,-0.28933399921350356
2026-07-28,729942.0642926567,338790.0,1068732.0642926567,"{'021400': {'shares': 300000.0, 'price': 1.1293, 'value': 338790.0, 'profit_pct': 4.763995744996663}}",0.0003744103966489831,1.0687320642926568,-0.2520012892060164
2026-07-29,787242.0611180975,286300.0,1073542.0611180975,"{'021400': {'shares': 250000.0, 'price': 1.1452, 'value': 286300.0, 'profit_pct': 6.239022338767539}}",0.00450065735477323,1.0735420611180975,0.0
2026-07-30,960955.1976693918,115780.0,1076735.1976693918,"{'021400': {'shares': 100000.0, 'price': 1.1578, 'value': 115780.0, 'profit_pct': 7.407911337604829}}",0.002974393521171015,1.0767351976693917,0.0
2026-07-31,1076647.8527487163,0.0,1076647.8527487163,{},-8.112014993522099e-05,1.0766478527487162,-0.008112014993522099
2026-08-03,1076706.8471516066,0.0,1076706.8471516066,{},5.4794520548018255e-05,1.0767068471516066,-0.0026330074327063357
2026-08-04,985957.844787067,90808.0,1076765.844787067,"{'021400': {'shares': 80000.0, 'price': 1.1351, 'value': 90808.0, 'profit_pct': 0.0}}",5.4794520548018255e-05,1.076765844787067,0.0
2026-08-05,986011.8698744527,90616.0,1076627.8698744527,"{'021400': {'shares': 80000.0, 'price': 1.1327, 'value': 90616.0, 'profit_pct': -0.21143511584882016}}",-0.00012813827006341594,1.0766278698744527,-0.012813827006341594
2026-08-06,1043355.8979221171,34374.0,1077729.8979221173,"{'021400': {'shares': 30000.0, 'price': 1.1458, 'value': 34374.0, 'profit_pct': 0.9426482248260004}}",0.0010235923465302665,1.0777298979221173,0.0
2026-08-07,1077745.0681083049,0.0,1077745.0681083049,{},1.407605580672211e-05,1.077745068108305,0.0
2026-08-10,1077804.1226325848,0.0,1077804.1226325848,{},5.4794520548018255e-05,1.0778041226325847,0.0
2026-08-11,1077863.1803927291,0.0,1077863.1803927291,{},5.4794520548018255e-05,1.0778631803927292,0.0
2026-08-12,1077922.241388915,0.0,1077922.241388915,{},5.4794520548018255e-05,1.0779222413889151,0.0
2026-08-13,987229.3056213201,90752.0,1077981.3056213201,"{'021400': {'shares': 80000.0, 'price': 1.1344, 'value': 90752.0, 'profit_pct': 0.0}}",5.4794520548018255e-05,1.07798130562132,0.0
2026-08-14,987283.4003777927,90976.0,1078259.4003777928,"{'021400': {'shares': 80000.0, 'price': 1.1372, 'value': 90976.0, 'profit_pct': 0.24682651622002058}}",0.0002579773461954815,1.0782594003777928,0.0
2026-08-17,987337.4980983614,91312.0,1078649.4980983613,"{'021400': {'shares': 80000.0, 'price': 1.1414, 'value': 91312.0, 'profit_pct': 0.6170662905500612}}",0.0003617846692844928,1.0786494980983614,0.0
2026-08-18,1044801.5987831888,34446.0,1079247.598783189,"{'021400': {'shares': 30000.0, 'price': 1.1482, 'value': 34446.0, 'profit_pct': 1.2165021156558562}}",0.0005544903009568891,1.0792475987831889,0.0
2026-08-19,1079415.848185862,0.0,1079415.848185862,{},0.00015589509104563248,1.079415848185862,0.0
2026-08-20,1079474.9942597353,0.0,1079474.9942597353,{},5.4794520548018255e-05,1.0794749942597353,0.0
2026-08-21,1079534.1435744893,0.0,1079534.1435744893,{},5.4794520548018255e-05,1.0795341435744892,0.0
2026-08-24,1079593.2961303017,0.0,1079593.2961303017,{},5.4794520548018255e-05,1.0795932961303016,0.0
2026-08-25,1079652.45192735,0.0,1079652.45192735,{},5.4794520548018255e-05,1.0796524519273498,0.0
2026-08-26,1079711.6109658116,0.0,1079711.6109658116,{},5.4794520548018255e-05,1.0797116109658116,0.0
2026-08-27,1079770.7732458645,0.0,1079770.7732458645,{},5.4794520548018255e-05,1.0797707732458646,0.0
2026-08-28,1079829.9387676863,0.0,1079829.9387676863,{},5.4794520548018255e-05,1.0798299387676862,0.0
2026-08-31,1079889.1075314544,0.0,1079889.1075314544,{},5.4794520548018255e-05,1.0798891075314545,0.0
2026-09-01,1079948.2795373467,0.0,1079948.2795373467,{},5.4794520548018255e-05,1.0799482795373467,0.0
2026-09-02,1080007.4547855407,0.0,1080007.4547855407,{},5.4794520548018255e-05,1.0800074547855407,0.0
2026-09-03,1080066.633276214,0.0,1080066.633276214,{},5.4794520548018255e-05,1.0800666332762139,0.0
2026-09-04,1080125.8150095441,0.0,1080125.8150095441,{},5.4794520548018255e-05,1.080125815009544,0.0
