date,open,high,low,close,volume,etf_name
2020-01-02,12.7,12.96,12.64,12.86,159346,比亚迪
2020-01-03,12.87,13.13,12.69,12.81,129936,比亚迪
2020-01-06,12.6,13.2,12.53,12.89,169871,比亚迪
2020-01-07,12.9,12.97,12.72,12.82,93401,比亚迪
2020-01-08,12.65,12.92,12.52,12.56,110974,比亚迪
2020-01-09,12.72,12.87,12.59,12.68,89217,比亚迪
2020-01-10,12.69,12.69,12.34,12.44,109295,比亚迪
2020-01-13,14.0,14.0,13.64,14.0,518828,比亚迪
2020-01-14,15.13,15.46,14.47,14.61,614976,比亚迪
2020-01-15,14.8,15.05,14.23,14.57,298705,比亚迪
2020-01-16,14.63,14.98,14.06,14.83,335737,比亚迪
2020-01-17,14.75,16.63,14.53,16.12,530600,比亚迪
2020-01-20,15.9,16.77,15.63,16.39,300776,比亚迪
2020-01-21,16.04,16.04,15.65,15.71,203837,比亚迪
2020-01-22,15.63,16.97,15.5,16.56,327980,比亚迪
2020-01-23,16.13,17.43,15.97,16.74,291585,比亚迪
2020-02-03,14.75,14.96,14.75,14.75,100398,比亚迪
2020-02-04,14.8,15.97,14.8,15.59,367775,比亚迪
2020-02-05,16.03,17.47,15.8,17.07,446230,比亚迪
2020-02-06,16.28,17.08,16.27,17.05,301132,比亚迪
2020-02-07,17.05,17.05,15.69,16.1,321282,比亚迪
2020-02-10,16.53,17.92,16.42,17.11,352796,比亚迪
2020-02-11,16.8,16.84,16.23,16.48,196176,比亚迪
2020-02-12,16.48,17.0,16.25,16.53,197456,比亚迪
2020-02-13,16.3,16.84,15.97,15.98,236947,比亚迪
2020-02-14,15.99,16.1,15.61,15.77,211174,比亚迪
2020-02-17,15.77,16.32,15.77,16.29,209889,比亚迪
2020-02-18,16.07,16.8,16.06,16.62,228365,比亚迪
2020-02-19,18.29,18.29,17.35,17.44,437477,比亚迪
2020-02-20,17.86,19.5,17.84,19.5,649391,比亚迪
2020-02-21,19.13,19.56,18.69,19.3,455189,比亚迪
2020-02-24,18.61,19.18,18.45,18.87,357969,比亚迪
2020-02-25,18.27,20.86,18.19,20.42,407434,比亚迪
2020-02-26,20.06,22.07,19.8,20.7,522768,比亚迪
2020-02-27,20.69,21.18,19.49,20.15,272700,比亚迪
2020-02-28,19.02,19.8,18.45,18.59,338254,比亚迪
2020-03-02,18.67,19.21,18.13,19.08,225643,比亚迪
2020-03-03,20.07,20.2,19.29,19.42,274253,比亚迪
2020-03-04,19.12,19.4,18.37,18.99,180933,比亚迪
2020-03-05,19.14,19.34,18.63,19.07,170004,比亚迪
2020-03-06,18.63,19.32,18.58,18.59,147210,比亚迪
2020-03-09,17.9,17.9,16.53,16.62,292479,比亚迪
2020-03-10,16.0,17.3,15.91,16.86,266805,比亚迪
2020-03-11,17.06,17.18,16.33,16.38,222212,比亚迪
2020-03-12,15.9,16.02,15.43,15.81,232383,比亚迪
2020-03-13,14.73,15.63,14.25,15.35,213198,比亚迪
2020-03-16,15.66,15.91,14.76,14.76,238773,比亚迪
2020-03-17,14.76,15.12,14.09,14.48,180919,比亚迪
2020-03-18,14.66,15.02,14.14,14.16,172684,比亚迪
2020-03-19,14.17,14.31,13.43,13.92,194450,比亚迪
2020-03-20,14.23,14.4,13.93,14.31,148296,比亚迪
2020-03-23,13.55,13.73,12.76,12.85,242740,比亚迪
2020-03-24,13.22,13.43,12.6,13.38,205027,比亚迪
2020-03-25,13.98,14.4,13.81,14.22,289787,比亚迪
2020-03-26,14.3,15.19,14.0,14.89,296621,比亚迪
2020-03-27,15.27,15.48,14.95,15.06,229972,比亚迪
2020-03-30,15.13,16.06,15.09,15.54,328937,比亚迪
2020-03-31,15.72,16.8,15.28,16.79,350174,比亚迪
2020-04-01,16.77,17.02,15.81,15.84,365565,比亚迪
2020-04-02,15.7,15.7,15.07,15.66,233842,比亚迪
2020-04-03,15.66,15.66,15.1,15.13,169190,比亚迪
2020-04-07,15.61,15.77,15.33,15.57,189116,比亚迪
2020-04-08,15.4,15.4,15.15,15.24,129543,比亚迪
2020-04-09,15.4,15.65,15.32,15.35,133338,比亚迪
2020-04-10,15.56,15.56,14.85,14.99,131855,比亚迪
2020-04-13,15.04,15.45,15.04,15.4,102560,比亚迪
2020-04-14,15.4,16.13,15.26,16.11,233863,比亚迪
2020-04-15,16.59,17.6,16.26,16.85,306227,比亚迪
2020-04-16,16.83,17.23,16.48,16.8,165259,比亚迪
2020-04-17,17.0,17.13,16.36,16.4,156490,比亚迪
2020-04-20,16.6,16.6,16.19,16.42,107474,比亚迪
2020-04-21,16.3,16.69,16.07,16.59,147148,比亚迪
2020-04-22,16.27,16.8,16.09,16.61,121458,比亚迪
2020-04-23,16.8,16.98,16.15,16.22,116028,比亚迪
2020-04-24,16.36,16.96,16.3,16.38,135949,比亚迪
2020-04-27,16.47,16.5,15.76,15.79,138265,比亚迪
2020-04-28,15.8,16.0,15.05,15.79,128658,比亚迪
2020-04-29,16.2,16.62,15.99,16.13,165126,比亚迪
2020-04-30,16.41,16.99,16.3,16.79,218876,比亚迪
2020-05-06,16.6,17.63,16.5,17.53,231906,比亚迪
2020-05-07,17.52,17.52,16.79,16.83,225118,比亚迪
2020-05-08,16.84,16.97,16.57,16.73,171472,比亚迪
2020-05-11,16.56,16.69,16.17,16.43,190716,比亚迪
2020-05-12,16.43,16.51,16.2,16.51,104020,比亚迪
2020-05-13,16.51,16.72,16.3,16.46,111115,比亚迪
2020-05-14,16.43,16.43,15.98,16.03,118363,比亚迪
2020-05-15,16.06,16.33,15.9,16.12,102771,比亚迪
2020-05-18,15.93,16.27,15.6,15.86,104743,比亚迪
2020-05-19,16.13,16.33,16.05,16.21,94042,比亚迪
2020-05-20,16.37,16.9,16.36,16.47,164708,比亚迪
2020-05-21,16.5,16.59,15.8,15.85,120968,比亚迪
2020-05-22,15.85,16.02,15.3,15.48,92350,比亚迪
2020-05-25,15.48,15.65,15.24,15.64,59697,比亚迪
2020-05-26,15.73,16.26,15.73,16.23,98544,比亚迪
2020-05-27,16.67,16.78,15.82,15.9,113617,比亚迪
2020-05-28,15.92,16.21,15.6,15.96,86300,比亚迪
2020-05-29,15.84,16.14,15.74,15.94,68036,比亚迪
2020-06-01,16.05,16.7,15.95,16.58,161068,比亚迪
2020-06-02,16.66,17.53,16.43,17.13,204796,比亚迪
2020-06-03,17.06,17.15,16.63,16.78,146357,比亚迪
2020-06-04,16.96,17.2,16.7,16.84,105743,比亚迪
2020-06-05,17.13,17.89,16.91,17.87,265451,比亚迪
2020-06-08,17.8,18.08,17.62,17.73,172441,比亚迪
2020-06-09,17.8,18.27,17.36,17.46,204431,比亚迪
2020-06-10,17.55,17.61,17.03,17.15,186194,比亚迪
2020-06-11,17.42,18.2,17.3,17.75,280233,比亚迪
2020-06-12,17.27,17.44,17.01,17.29,175497,比亚迪
2020-06-15,17.63,18.09,17.22,17.63,195740,比亚迪
2020-06-16,18.07,18.29,17.84,18.17,214116,比亚迪
2020-06-17,18.13,18.17,17.59,18.17,144378,比亚迪
2020-06-18,18.07,19.05,17.78,19.05,279033,比亚迪
2020-06-19,19.03,19.69,18.9,19.13,220619,比亚迪
2020-06-22,19.0,19.73,18.9,19.47,196255,比亚迪
2020-06-23,19.32,20.83,19.13,20.48,260375,比亚迪
2020-06-24,20.5,21.15,20.39,20.7,196681,比亚迪
2020-06-29,20.63,20.94,20.23,20.33,173376,比亚迪
2020-06-30,20.6,21.08,20.42,20.73,169831,比亚迪
2020-07-01,21.2,21.95,20.48,20.96,235093,比亚迪
2020-07-02,21.01,21.67,20.73,20.85,214074,比亚迪
2020-07-03,21.23,23.25,21.21,23.25,455388,比亚迪
2020-07-06,23.24,24.0,22.6,23.77,461224,比亚迪
2020-07-07,25.05,26.3,24.47,24.47,466706,比亚迪
2020-07-08,24.11,24.89,24.09,24.38,319156,比亚迪
2020-07-09,24.38,25.57,23.95,24.95,327974,比亚迪
2020-07-10,24.96,27.59,24.48,26.47,396029,比亚迪
2020-07-13,27.67,29.43,27.56,29.43,579871,比亚迪
2020-07-14,29.43,29.44,26.99,28.98,536389,比亚迪
2020-07-15,29.13,29.23,27.7,28.3,388696,比亚迪
2020-07-16,28.27,28.63,25.15,25.15,560467,比亚迪
2020-07-17,24.47,25.25,23.49,24.0,430969,比亚迪
2020-07-20,24.7,26.57,24.0,25.86,431730,比亚迪
2020-07-21,26.77,27.24,26.03,26.16,317222,比亚迪
2020-07-22,25.47,26.63,25.3,25.86,269545,比亚迪
2020-07-23,25.49,26.47,25.33,26.46,327287,比亚迪
2020-07-24,26.06,26.18,24.3,24.47,388174,比亚迪
2020-07-27,24.63,25.2,24.23,24.64,208828,比亚迪
2020-07-28,25.46,25.69,24.47,24.77,216441,比亚迪
2020-07-29,24.57,25.97,24.31,25.78,287976,比亚迪
2020-07-30,25.81,26.01,24.9,25.13,224493,比亚迪
2020-07-31,25.12,25.69,24.62,25.26,258123,比亚迪
2020-08-03,25.27,25.63,24.93,25.52,280304,比亚迪
2020-08-04,25.78,27.13,25.76,26.47,383956,比亚迪
2020-08-05,26.47,26.47,25.66,26.18,190227,比亚迪
2020-08-06,26.4,26.67,25.8,26.38,205333,比亚迪
2020-08-07,26.0,26.39,24.74,25.26,245974,比亚迪
2020-08-10,24.73,24.92,23.47,24.13,336539,比亚迪
2020-08-11,24.1,24.53,23.78,23.8,194173,比亚迪
2020-08-12,23.86,24.13,22.95,24.13,220972,比亚迪
2020-08-13,24.63,24.73,24.02,24.07,135828,比亚迪
2020-08-14,24.17,24.33,23.47,24.11,120620,比亚迪
2020-08-17,24.2,24.54,23.91,24.44,151032,比亚迪
2020-08-18,24.82,24.99,24.09,24.21,161553,比亚迪
2020-08-19,23.95,24.03,23.33,23.37,187358,比亚迪
2020-08-20,23.37,23.49,22.85,23.0,122724,比亚迪
2020-08-21,23.49,23.7,23.12,23.35,111905,比亚迪
2020-08-24,23.45,24.25,23.38,23.97,171281,比亚迪
2020-08-25,23.82,24.45,23.65,23.9,145106,比亚迪
2020-08-26,24.15,25.26,24.05,24.63,320472,比亚迪
2020-08-27,25.65,26.0,25.05,25.29,252035,比亚迪
2020-08-28,25.15,25.51,24.49,25.28,186470,比亚迪
2020-08-31,25.83,26.23,25.11,25.15,215347,比亚迪
2020-09-01,25.82,27.99,25.59,27.99,394613,比亚迪
2020-09-02,28.78,28.82,27.36,28.25,397047,比亚迪
2020-09-03,27.78,28.54,27.54,27.68,227795,比亚迪
2020-09-04,26.42,27.02,26.16,26.82,222021,比亚迪
2020-09-07,26.65,29.32,26.62,28.4,409987,比亚迪
2020-09-08,28.78,28.78,27.05,27.15,279084,比亚迪
2020-09-09,26.16,26.39,25.1,25.48,263292,比亚迪
2020-09-10,26.1,26.88,25.79,25.85,217063,比亚迪
2020-09-11,26.1,27.22,25.89,27.22,205764,比亚迪
2020-09-14,27.25,28.32,27.25,27.65,223839,比亚迪
2020-09-15,28.16,30.74,27.99,30.59,579221,比亚迪
2020-09-16,30.25,32.78,29.82,31.95,493789,比亚迪
2020-09-17,31.99,35.47,31.87,35.47,602351,比亚迪
2020-09-18,34.82,35.32,33.99,35.32,473754,比亚迪
2020-09-21,35.49,36.59,31.6,32.08,588771,比亚迪
2020-09-22,32.32,33.7,31.49,32.41,462882,比亚迪
2020-09-23,33.15,33.82,32.25,33.62,381409,比亚迪
2020-09-24,32.78,33.5,32.16,32.29,266126,比亚迪
2020-09-25,32.89,33.42,31.42,31.85,324363,比亚迪
2020-09-28,32.22,32.85,32.04,32.29,211883,比亚迪
2020-09-29,33.02,33.32,31.57,32.78,270046,比亚迪
2020-09-30,33.01,36.23,32.52,35.57,444201,比亚迪
2020-10-09,37.85,38.87,36.55,36.94,559678,比亚迪
2020-10-12,38.09,39.83,36.97,39.65,528089,比亚迪
2020-10-13,39.49,40.78,38.49,39.92,460527,比亚迪
2020-10-14,39.87,40.93,39.52,40.32,310472,比亚迪
2020-10-15,41.69,42.73,40.6,40.67,402893,比亚迪
2020-10-16,41.01,41.44,38.49,39.42,413536,比亚迪
2020-10-19,39.49,40.09,38.92,39.51,222006,比亚迪
2020-10-20,38.88,43.6,38.88,43.49,541679,比亚迪
2020-10-21,42.82,43.39,41.54,42.65,380567,比亚迪
2020-10-22,42.56,45.15,40.84,44.75,434389,比亚迪
2020-10-23,44.16,45.41,42.32,43.04,400994,比亚迪
2020-10-26,42.32,44.44,41.19,43.47,309796,比亚迪
2020-10-27,42.63,43.99,42.1,43.58,296545,比亚迪
2020-10-28,43.32,47.98,43.16,47.35,517974,比亚迪
2020-10-29,46.12,52.41,46.12,49.61,634705,比亚迪
2020-10-30,50.15,53.59,48.22,50.09,673292,比亚迪
2020-11-02,50.46,53.07,50.32,52.81,524911,比亚迪
2020-11-03,54.15,54.3,50.01,51.51,661617,比亚迪
2020-11-04,52.49,53.6,51.15,52.83,460948,比亚迪
2020-11-05,55.15,58.43,53.82,58.43,674092,比亚迪
2020-11-06,59.99,63.1,56.78,60.3,807667,比亚迪
2020-11-09,60.69,61.38,58.19,60.47,525016,比亚迪
2020-11-10,59.11,59.11,55.78,57.68,635350,比亚迪
2020-11-11,55.79,57.45,51.59,51.6,805675,比亚迪
2020-11-12,52.82,54.59,52.08,53.26,586640,比亚迪
2020-11-13,56.82,57.49,54.58,55.45,609194,比亚迪
2020-11-16,53.83,53.99,51.32,53.49,542565,比亚迪
2020-11-17,54.65,55.21,51.64,52.49,568409,比亚迪
2020-11-18,52.11,53.21,50.9,52.49,417033,比亚迪
2020-11-19,52.82,53.05,49.99,50.69,470054,比亚迪
2020-11-20,51.7,55.9,51.23,55.51,707527,比亚迪
2020-11-23,55.79,58.49,54.18,58.22,604027,比亚迪
2020-11-24,60.74,61.82,57.06,58.22,646752,比亚迪
2020-11-25,57.82,60.72,57.02,58.0,473858,比亚迪
2020-11-26,58.02,58.42,53.9,55.43,496538,比亚迪
2020-11-27,55.26,56.12,53.26,54.85,397476,比亚迪
2020-11-30,53.99,55.73,52.16,54.2,379213,比亚迪
2020-12-01,53.05,55.82,52.49,55.76,401564,比亚迪
2020-12-02,53.85,54.32,52.82,53.4,492401,比亚迪
2020-12-03,53.4,54.71,52.47,53.85,365581,比亚迪
2020-12-04,54.02,56.42,53.62,54.11,394490,比亚迪
2020-12-07,53.92,55.71,53.19,55.25,322186,比亚迪
2020-12-08,56.19,57.49,55.72,56.14,445743,比亚迪
2020-12-09,56.49,57.16,54.49,54.57,315714,比亚迪
2020-12-10,52.82,54.04,52.16,53.33,370436,比亚迪
2020-12-11,53.27,53.27,51.09,52.49,354878,比亚迪
2020-12-14,52.42,53.78,51.15,53.55,302132,比亚迪
2020-12-15,53.57,55.17,52.99,55.05,362218,比亚迪
2020-12-16,55.49,55.72,53.79,54.11,238154,比亚迪
2020-12-17,53.88,54.46,53.16,54.08,189773,比亚迪
2020-12-18,54.32,56.85,53.89,55.49,488485,比亚迪
2020-12-21,55.65,61.35,55.32,61.35,667798,比亚迪
2020-12-22,61.15,61.15,58.04,58.15,586810,比亚迪
2020-12-23,58.12,60.42,57.81,59.08,427079,比亚迪
2020-12-24,58.49,58.49,56.82,57.82,260454,比亚迪
2020-12-25,57.93,58.87,57.19,58.56,211331,比亚迪
2020-12-28,58.25,60.28,57.69,59.46,303384,比亚迪
2020-12-29,58.82,58.82,56.31,56.35,361178,比亚迪
2020-12-30,57.04,60.8,57.04,58.82,510431,比亚迪
2020-12-31,59.77,62.1,58.24,61.59,505119,比亚迪
2021-01-04,59.82,67.21,59.18,65.74,589502,比亚迪
2021-01-05,65.49,70.56,64.16,70.12,545306,比亚迪
2021-01-06,70.06,70.88,67.49,68.92,434652,比亚迪
2021-01-07,69.02,72.93,68.22,71.83,428603,比亚迪
2021-01-08,74.49,74.93,70.39,72.66,426758,比亚迪
2021-01-11,75.02,78.49,73.81,75.11,534255,比亚迪
2021-01-12,74.09,76.74,70.15,75.82,433125,比亚迪
2021-01-13,76.15,80.11,73.38,76.59,480348,比亚迪
2021-01-14,74.15,75.3,70.93,71.47,445955,比亚迪
2021-01-15,70.82,73.13,68.99,71.89,377050,比亚迪
2021-01-18,70.15,71.49,68.91,70.72,263789,比亚迪
2021-01-19,70.84,71.89,68.01,68.89,276250,比亚迪
2021-01-20,70.12,72.25,69.49,70.82,381401,比亚迪
2021-01-21,70.15,76.69,69.09,75.33,585710,比亚迪
2021-01-22,75.39,78.04,73.99,77.79,423887,比亚迪
2021-01-25,78.99,84.47,78.49,83.49,559389,比亚迪
2021-01-26,82.49,84.35,80.48,81.56,394555,比亚迪
2021-01-27,80.22,83.3,74.99,82.49,521351,比亚迪
2021-01-28,78.81,80.99,77.81,78.27,326462,比亚迪
2021-01-29,79.82,80.3,75.99,79.15,335983,比亚迪
2021-02-01,78.49,80.2,76.49,79.12,263795,比亚迪
2021-02-02,80.82,86.15,80.32,85.99,471100,比亚迪
2021-02-03,86.19,87.94,83.59,84.49,384030,比亚迪
2021-02-04,82.82,85.12,81.93,83.45,310351,比亚迪
2021-02-05,84.15,86.25,79.32,79.82,480551,比亚迪
2021-02-08,79.82,81.15,76.82,80.22,372462,比亚迪
2021-02-09,81.19,83.16,79.32,82.49,374954,比亚迪
2021-02-10,83.82,87.04,81.15,85.8,418939,比亚迪
2021-02-18,86.44,86.44,81.93,83.15,472646,比亚迪
2021-02-19,81.79,82.71,78.73,82.6,382587,比亚迪
2021-02-22,82.35,82.37,76.64,76.66,427131,比亚迪
2021-02-23,73.35,75.16,71.12,71.82,476510,比亚迪
2021-02-24,71.82,73.02,64.69,66.48,676485,比亚迪
2021-02-25,68.74,68.77,65.42,66.57,369532,比亚迪
2021-02-26,62.32,64.82,61.49,62.58,503616,比亚迪
2021-03-01,63.82,67.15,62.65,67.12,444294,比亚迪
2021-03-02,68.37,68.75,65.23,67.29,387928,比亚迪
2021-03-03,65.15,66.92,64.14,66.74,263062,比亚迪
2021-03-04,65.15,65.19,62.59,62.99,346850,比亚迪
2021-03-05,59.28,63.32,58.88,62.28,325319,比亚迪
2021-03-08,62.28,62.6,55.73,55.73,591328,比亚迪
2021-03-09,54.29,56.35,50.83,53.71,599205,比亚迪
2021-03-10,56.82,57.45,55.41,55.88,431507,比亚迪
2021-03-11,55.8,58.49,54.85,57.81,367828,比亚迪
2021-03-12,58.88,59.48,56.45,57.38,301848,比亚迪
2021-03-15,56.34,57.15,54.15,54.91,295602,比亚迪
2021-03-16,56.01,56.52,54.61,55.64,197056,比亚迪
2021-03-17,54.83,56.81,53.98,55.78,213705,比亚迪
2021-03-18,56.42,57.03,55.91,56.34,201064,比亚迪
2021-03-19,54.49,55.28,53.37,53.87,258227,比亚迪
2021-03-22,54.26,55.31,53.49,54.75,185683,比亚迪
2021-03-23,55.42,55.55,52.25,53.14,226649,比亚迪
2021-03-24,52.82,53.23,50.82,51.07,248269,比亚迪
2021-03-25,49.15,51.3,48.69,50.55,256191,比亚迪
2021-03-26,51.16,54.15,51.12,53.82,328530,比亚迪
2021-03-29,53.49,53.65,51.75,52.85,234729,比亚迪
2021-03-30,50.49,53.15,49.85,53.15,338931,比亚迪
2021-03-31,53.22,54.37,51.01,51.66,270153,比亚迪
2021-04-01,52.82,54.12,52.49,53.18,299958,比亚迪
2021-04-02,53.82,56.22,53.01,55.44,349532,比亚迪
2021-04-06,55.75,56.57,54.42,55.52,255910,比亚迪
2021-04-07,55.87,56.18,53.32,53.82,281704,比亚迪
2021-04-08,53.15,53.99,52.53,53.65,160043,比亚迪
2021-04-09,54.12,54.19,52.15,52.39,204996,比亚迪
2021-04-12,52.4,53.28,51.02,51.31,201268,比亚迪
2021-04-13,51.31,52.7,51.31,51.49,158579,比亚迪
2021-04-14,52.49,53.82,52.49,53.8,298473,比亚迪
2021-04-15,52.99,53.04,51.32,51.99,249912,比亚迪
2021-04-16,51.95,52.29,50.26,51.92,234599,比亚迪
2021-04-19,51.82,55.82,51.55,55.5,507351,比亚迪
2021-04-20,55.15,55.15,53.41,53.9,375677,比亚迪
2021-04-21,53.15,53.68,52.54,53.02,230489,比亚迪
2021-04-22,53.49,54.08,52.56,53.06,197508,比亚迪
2021-04-23,52.55,53.95,52.24,53.24,228828,比亚迪
2021-04-26,53.49,54.49,52.57,52.65,319514,比亚迪
2021-04-27,52.15,52.62,51.29,51.8,255639,比亚迪
2021-04-28,51.77,53.0,51.14,51.99,218412,比亚迪
2021-04-29,51.15,51.8,50.89,51.14,275854,比亚迪
2021-04-30,50.65,50.89,49.06,49.68,359899,比亚迪
2021-05-06,49.15,49.15,46.82,46.82,423158,比亚迪
2021-05-07,46.19,46.81,44.62,44.8,377980,比亚迪
2021-05-10,44.8,46.27,43.97,45.82,260739,比亚迪
2021-05-11,44.72,46.41,43.81,45.67,269640,比亚迪
2021-05-12,46.24,48.49,46.24,48.06,384659,比亚迪
2021-05-13,47.07,47.15,46.34,46.48,212696,比亚迪
2021-05-14,46.12,48.19,45.59,48.0,300279,比亚迪
2021-05-17,48.63,50.45,48.3,50.08,363003,比亚迪
2021-05-18,50.15,50.75,49.11,49.72,194952,比亚迪
2021-05-19,50.12,54.82,50.11,54.41,596491,比亚迪
2021-05-20,53.49,56.01,53.19,54.47,499888,比亚迪
2021-05-21,54.82,56.15,53.52,54.55,334966,比亚迪
2021-05-24,54.12,55.32,53.48,54.64,271723,比亚迪
2021-05-25,55.15,56.15,54.39,55.66,331523,比亚迪
2021-05-26,56.15,58.35,55.49,55.54,345578,比亚迪
2021-05-27,56.49,56.71,54.99,55.97,234026,比亚迪
2021-05-28,55.97,58.49,55.51,57.38,371195,比亚迪
2021-05-31,55.24,56.52,53.55,56.39,437553,比亚迪
2021-06-01,56.4,60.45,56.4,59.97,513604,比亚迪
2021-06-02,60.15,60.77,58.55,58.99,294350,比亚迪
2021-06-03,59.02,59.32,56.88,58.12,250801,比亚迪
2021-06-04,57.36,60.82,56.99,59.95,319848,比亚迪
2021-06-07,60.49,61.11,59.15,60.27,254518,比亚迪
2021-06-08,61.49,65.35,61.24,64.42,559239,比亚迪
2021-06-09,64.45,64.65,62.49,64.15,316556,比亚迪
2021-06-10,64.17,68.84,63.82,68.19,441000,比亚迪
2021-06-11,68.25,73.47,67.51,72.49,540085,比亚迪
2021-06-15,74.0,76.09,71.78,74.26,518101,比亚迪
2021-06-16,72.15,74.04,67.04,67.15,618176,比亚迪
2021-06-17,67.14,74.19,67.1,74.19,519978,比亚迪
2021-06-18,75.49,80.93,75.04,78.49,571896,比亚迪
2021-06-21,78.11,80.01,74.2,77.68,430526,比亚迪
2021-06-22,77.82,79.15,75.49,76.11,316428,比亚迪
2021-06-23,74.49,80.09,74.32,77.92,394501,比亚迪
2021-06-24,78.15,80.78,76.88,78.45,312285,比亚迪
2021-06-25,79.15,79.71,76.15,78.48,296502,比亚迪
2021-06-28,78.48,81.82,77.99,81.36,347272,比亚迪
2021-06-29,82.62,83.35,80.15,81.25,306258,比亚迪
2021-06-30,80.15,82.32,78.82,80.49,285407,比亚迪
2021-07-01,80.49,80.99,75.35,75.69,422603,比亚迪
2021-07-02,74.49,77.99,73.12,76.5,374260,比亚迪
2021-07-05,75.5,80.15,75.34,80.0,324901,比亚迪
2021-07-06,81.82,83.83,77.15,80.32,517917,比亚迪
2021-07-07,78.15,83.02,77.11,81.85,386387,比亚迪
2021-07-08,81.15,84.0,80.53,80.81,393910,比亚迪
2021-07-09,80.45,81.82,77.45,79.76,364947,比亚迪
2021-07-12,81.25,87.79,80.65,85.65,560057,比亚迪
2021-07-13,85.65,86.73,83.56,85.19,277314,比亚迪
2021-07-14,83.82,83.82,78.49,78.58,612717,比亚迪
2021-07-15,76.49,78.0,73.49,75.62,551899,比亚迪
2021-07-16,75.4,75.4,70.5,71.13,562741,比亚迪
2021-07-19,70.15,74.15,68.25,71.48,372187,比亚迪
2021-07-20,70.15,73.31,69.86,72.65,246750,比亚迪
2021-07-21,73.89,78.48,73.49,77.23,471511,比亚迪
2021-07-22,78.92,79.97,76.88,79.81,374773,比亚迪
2021-07-23,79.3,84.15,78.51,83.05,460562,比亚迪
2021-07-26,80.35,83.4,77.16,79.67,404428,比亚迪
2021-07-27,78.82,82.78,75.89,76.39,377707,比亚迪
2021-07-28,73.48,77.19,71.48,75.65,332199,比亚迪
2021-07-29,79.13,82.59,77.76,82.55,428851,比亚迪
2021-07-30,82.55,86.25,80.86,85.06,457994,比亚迪
2021-08-02,88.82,93.88,87.92,93.88,622259,比亚迪
2021-08-03,96.49,96.49,88.49,90.18,489349,比亚迪
2021-08-04,91.16,99.52,90.82,99.52,534306,比亚迪
2021-08-05,97.15,98.9,95.11,96.64,368823,比亚迪
2021-08-06,101.2,102.64,96.37,98.03,453626,比亚迪
2021-08-09,95.2,96.0,91.2,94.72,341621,比亚迪
2021-08-10,94.72,97.64,90.87,94.2,331035,比亚迪
2021-08-11,93.2,96.48,92.26,95.2,263994,比亚迪
2021-08-12,94.54,101.33,93.33,99.86,382779,比亚迪
2021-08-13,97.87,101.04,96.2,96.88,246906,比亚迪
2021-08-16,95.87,95.87,91.87,92.0,305067,比亚迪
2021-08-17,91.35,93.7,89.54,90.31,272058,比亚迪
2021-08-18,92.01,92.9,89.6,91.42,221723,比亚迪
2021-08-19,91.42,96.43,89.73,94.78,361672,比亚迪
2021-08-20,93.2,94.74,90.87,91.9,247173,比亚迪
2021-08-23,90.7,95.02,88.72,93.47,295827,比亚迪
2021-08-24,94.47,97.54,93.55,96.29,274399,比亚迪
2021-08-25,96.14,96.8,93.87,95.6,179145,比亚迪
2021-08-26,95.87,96.46,91.04,91.04,263682,比亚迪
2021-08-27,90.53,95.55,90.2,92.92,262889,比亚迪
2021-08-30,89.35,92.87,88.19,90.86,419092,比亚迪
2021-08-31,92.5,92.5,85.72,89.2,329668,比亚迪
2021-09-01,89.2,89.53,82.74,85.64,287674,比亚迪
2021-09-02,85.87,87.53,84.44,85.87,165244,比亚迪
2021-09-03,85.87,87.2,80.34,81.57,287964,比亚迪
2021-09-06,83.53,89.87,83.2,89.4,397789,比亚迪
2021-09-07,89.4,90.57,87.96,88.85,207634,比亚迪
2021-09-08,89.5,89.96,86.41,86.73,182578,比亚迪
2021-09-09,87.54,90.06,85.47,87.44,216256,比亚迪
2021-09-10,87.44,87.71,84.42,85.41,238757,比亚迪
2021-09-13,86.31,87.53,83.26,83.99,213492,比亚迪
2021-09-14,84.0,88.87,82.56,86.61,354690,比亚迪
2021-09-15,86.17,86.87,83.54,83.92,218809,比亚迪
2021-09-16,83.92,85.13,80.38,80.54,220810,比亚迪
2021-09-17,81.2,82.54,80.37,81.91,139421,比亚迪
2021-09-22,79.54,80.68,78.21,79.27,163413,比亚迪
2021-09-23,81.48,82.71,79.83,80.18,149784,比亚迪
2021-09-24,80.52,82.7,79.2,80.79,158267,比亚迪
2021-09-27,81.54,82.7,79.14,81.04,179991,比亚迪
2021-09-28,80.84,81.48,78.97,79.16,162444,比亚迪
2021-09-29,77.87,78.5,75.2,75.54,245555,比亚迪
2021-09-30,76.27,80.1,75.94,80.04,225038,比亚迪
2021-10-08,82.86,83.53,80.2,81.2,194104,比亚迪
2021-10-11,81.24,84.57,79.54,82.12,211973,比亚迪
2021-10-12,81.87,84.5,81.21,82.54,211651,比亚迪
2021-10-13,82.54,88.07,81.65,87.27,321978,比亚迪
2021-10-14,87.2,88.87,86.25,87.85,177799,比亚迪
2021-10-15,88.54,92.7,87.2,91.31,287845,比亚迪
2021-10-18,91.62,93.08,90.22,92.18,216214,比亚迪
2021-10-19,92.87,95.17,91.54,91.8,193858,比亚迪
2021-10-20,92.2,95.2,91.95,93.74,217045,比亚迪
2021-10-21,93.87,94.4,91.54,92.54,180626,比亚迪
2021-10-22,94.27,97.2,93.2,96.87,336549,比亚迪
2021-10-25,97.91,103.09,97.61,102.65,335190,比亚迪
2021-10-26,107.04,107.98,102.79,103.21,313244,比亚迪
2021-10-27,101.2,105.78,100.63,104.12,219068,比亚迪
2021-10-28,103.41,104.8,98.67,99.53,298267,比亚迪
2021-10-29,98.58,101.46,94.79,100.64,347160,比亚迪
2021-11-01,97.34,99.67,94.81,97.54,284786,比亚迪
2021-11-02,100.2,103.47,99.42,101.5,290087,比亚迪
2021-11-03,101.25,101.49,96.82,97.87,197248,比亚迪
2021-11-04,100.58,106.54,99.88,105.2,349964,比亚迪
2021-11-05,104.87,105.87,101.21,101.54,194183,比亚迪
2021-11-08,99.57,103.41,99.2,101.87,169849,比亚迪
2021-11-09,101.89,106.86,101.89,103.77,203305,比亚迪
2021-11-10,101.54,102.07,97.4,100.29,274879,比亚迪
2021-11-11,101.2,102.53,99.55,100.87,138852,比亚迪
2021-11-12,102.14,102.45,98.7,99.13,148884,比亚迪
2021-11-15,99.13,99.13,93.68,95.18,225372,比亚迪
2021-11-16,94.87,96.1,92.87,94.71,151808,比亚迪
2021-11-17,96.87,97.95,94.87,95.82,163378,比亚迪
2021-11-18,95.14,96.5,93.54,95.34,129097,比亚迪
2021-11-19,95.44,96.87,92.87,95.81,175159,比亚迪
2021-11-22,96.34,100.71,96.27,100.54,287020,比亚迪
2021-11-23,99.5,100.11,98.2,99.7,150363,比亚迪
2021-11-24,98.68,100.07,97.2,97.94,141938,比亚迪
2021-11-25,97.94,98.37,93.97,96.2,170971,比亚迪
2021-11-26,95.2,98.46,94.89,96.09,122494,比亚迪
2021-11-29,94.14,99.23,93.51,98.36,200157,比亚迪
2021-11-30,99.2,99.54,97.87,98.44,131788,比亚迪
2021-12-01,98.6,99.37,97.0,98.64,108279,比亚迪
2021-12-02,98.54,101.56,97.9,99.8,180072,比亚迪
2021-12-03,99.2,100.14,96.49,99.17,210327,比亚迪
2021-12-06,97.2,100.71,97.16,97.45,178801,比亚迪
2021-12-07,98.87,98.99,93.9,95.14,227679,比亚迪
2021-12-08,95.54,97.2,95.04,97.13,154382,比亚迪
2021-12-09,96.87,97.08,95.88,96.7,112957,比亚迪
2021-12-10,95.53,97.55,94.47,97.34,144873,比亚迪
2021-12-13,97.87,97.87,96.2,96.34,142941,比亚迪
2021-12-14,95.37,95.89,94.1,94.67,157111,比亚迪
2021-12-15,94.67,95.37,94.11,94.65,98150,比亚迪
2021-12-16,94.54,94.7,89.87,92.27,278665,比亚迪
2021-12-17,91.54,92.16,89.74,89.86,151118,比亚迪
2021-12-20,89.95,90.69,86.3,87.04,217845,比亚迪
2021-12-21,87.04,89.13,86.67,88.94,149653,比亚迪
2021-12-22,90.21,91.93,89.21,89.94,144442,比亚迪
2021-12-23,90.88,91.84,89.26,90.2,123021,比亚迪
2021-12-24,90.86,90.87,85.19,86.87,209969,比亚迪
2021-12-27,86.54,87.38,85.54,85.88,107190,比亚迪
2021-12-28,86.25,87.2,85.61,87.15,118543,比亚迪
2021-12-29,87.59,87.61,84.54,86.54,141603,比亚迪
2021-12-30,86.2,87.86,85.54,85.91,117327,比亚迪
2021-12-31,87.87,88.27,85.87,86.24,116292,比亚迪
2022-01-04,88.87,90.02,85.28,87.2,244661,比亚迪
2022-01-05,85.05,85.7,80.78,81.29,301709,比亚迪
2022-01-06,80.2,81.71,79.5,80.21,175908,比亚迪
2022-01-07,80.8,81.19,78.54,79.04,161934,比亚迪
2022-01-10,78.54,80.03,76.55,78.97,162142,比亚迪
2022-01-11,78.96,78.96,76.14,76.57,212441,比亚迪
2022-01-12,78.87,82.2,78.31,82.2,323602,比亚迪
2022-01-13,82.78,83.06,79.74,81.97,217104,比亚迪
2022-01-14,80.47,82.64,80.2,81.25,149548,比亚迪
2022-01-17,81.21,86.03,81.21,85.7,241145,比亚迪
2022-01-18,85.67,86.52,84.3,85.56,125054,比亚迪
2022-01-19,85.52,86.16,80.31,81.19,231882,比亚迪
2022-01-20,80.9,81.44,79.2,80.56,149986,比亚迪
2022-01-21,80.56,82.12,78.98,80.34,112394,比亚迪
2022-01-24,78.9,81.16,78.29,80.67,108377,比亚迪
2022-01-25,79.54,80.54,76.87,76.97,172772,比亚迪
2022-01-26,78.54,80.66,77.64,80.03,174446,比亚迪
2022-01-27,79.2,79.97,77.2,77.29,132650,比亚迪
2022-01-28,76.86,77.54,70.12,72.47,324373,比亚迪
2022-02-07,77.13,79.96,76.21,78.34,251125,比亚迪
2022-02-08,77.87,77.87,73.75,75.86,199040,比亚迪
2022-02-09,76.55,79.0,75.21,78.6,199929,比亚迪
2022-02-10,79.13,79.54,76.24,76.91,146285,比亚迪
2022-02-11,75.55,76.91,73.04,73.6,199439,比亚迪
2022-02-14,73.6,75.2,71.87,74.2,133199,比亚迪
2022-02-15,74.26,76.86,74.26,76.31,158524,比亚迪
2022-02-16,77.54,78.53,77.0,77.07,128725,比亚迪
2022-02-17,77.62,79.78,76.54,78.67,191064,比亚迪
2022-02-18,77.2,78.67,76.87,77.86,99105,比亚迪
2022-02-21,77.2,78.8,76.75,77.5,109538,比亚迪
2022-02-22,76.54,76.54,74.97,76.02,125452,比亚迪
2022-02-23,77.5,81.04,76.54,80.87,291149,比亚迪
2022-02-24,79.57,80.8,77.4,78.49,238220,比亚迪
2022-02-25,80.17,81.0,79.48,79.48,146014,比亚迪
2022-02-28,79.17,80.27,78.87,80.07,118291,比亚迪
2022-03-01,81.87,82.41,79.95,80.8,176520,比亚迪
2022-03-02,79.87,79.99,78.19,79.74,121242,比亚迪
2022-03-03,80.04,80.49,78.2,78.61,99633,比亚迪
2022-03-04,75.97,77.49,73.54,74.8,291706,比亚迪
2022-03-07,72.5,72.77,70.21,71.41,236129,比亚迪
2022-03-08,70.56,72.03,66.87,68.93,291499,比亚迪
2022-03-09,69.2,71.4,66.87,71.4,251135,比亚迪
2022-03-10,74.51,74.68,73.2,73.24,248343,比亚迪
2022-03-11,70.87,74.13,70.21,73.49,186116,比亚迪
2022-03-14,71.87,71.87,69.87,69.87,150841,比亚迪
2022-03-15,67.25,70.87,66.68,67.8,198204,比亚迪
2022-03-16,70.54,73.54,68.27,73.35,333766,比亚迪
2022-03-17,77.0,77.16,75.09,75.17,315844,比亚迪
2022-03-18,75.17,76.49,74.22,75.04,150549,比亚迪
2022-03-21,76.87,79.83,76.26,78.66,279178,比亚迪
2022-03-22,78.54,79.34,77.54,78.47,115079,比亚迪
2022-03-23,80.2,80.54,78.96,79.26,148501,比亚迪
2022-03-24,78.1,80.2,77.67,79.23,113681,比亚迪
2022-03-25,79.24,79.86,74.87,75.31,208024,比亚迪
2022-03-28,75.17,75.17,73.16,73.67,143104,比亚迪
2022-03-29,74.51,75.7,73.14,73.87,138587,比亚迪
2022-03-30,72.54,75.88,70.94,75.88,251260,比亚迪
2022-03-31,74.94,75.2,72.5,73.47,161731,比亚迪
2022-04-01,72.47,76.72,72.4,75.52,182948,比亚迪
2022-04-06,78.54,78.87,76.74,77.5,205293,比亚迪
2022-04-07,76.87,78.64,76.54,76.87,122700,比亚迪
2022-04-08,76.87,79.04,76.57,78.2,171719,比亚迪
2022-04-11,76.87,77.36,73.37,74.54,193070,比亚迪
2022-04-12,74.2,76.39,73.94,76.26,128889,比亚迪
2022-04-13,75.21,77.52,74.54,75.87,109673,比亚迪
2022-04-14,77.54,78.53,77.16,77.3,131638,比亚迪
2022-04-15,76.37,76.87,74.45,75.6,129239,比亚迪
2022-04-18,75.13,77.2,73.54,76.57,110592,比亚迪
2022-04-19,77.92,80.5,77.91,78.49,207782,比亚迪
2022-04-20,79.42,79.65,77.16,77.46,130781,比亚迪
2022-04-21,76.13,77.13,74.24,74.88,154049,比亚迪
2022-04-22,73.54,75.42,73.22,75.34,108162,比亚迪
2022-04-25,73.54,75.68,72.41,72.7,161889,比亚迪
2022-04-26,73.2,75.49,73.01,74.14,158176,比亚迪
2022-04-27,72.41,75.47,69.81,75.21,254342,比亚迪
2022-04-28,75.07,75.37,73.54,74.2,146372,比亚迪
2022-04-29,74.8,78.15,73.79,77.87,248163,比亚迪
2022-05-05,78.94,81.0,77.46,79.8,253259,比亚迪
2022-05-06,77.21,78.87,76.9,77.56,145489,比亚迪
2022-05-09,73.87,75.83,73.87,74.45,175116,比亚迪
2022-05-10,71.57,74.76,70.96,74.65,209697,比亚迪
2022-05-11,74.2,82.42,74.04,81.1,459526,比亚迪
2022-05-12,80.2,82.77,79.77,81.57,241156,比亚迪
2022-05-13,83.47,87.37,82.17,86.9,367121,比亚迪
2022-05-16,87.24,87.87,85.3,85.91,202369,比亚迪
2022-05-17,86.53,91.87,86.37,91.04,293489,比亚迪
2022-05-18,91.04,92.87,89.87,90.68,205303,比亚迪
2022-05-19,88.64,91.99,88.3,91.71,173637,比亚迪
2022-05-20,92.54,94.07,90.6,92.77,178683,比亚迪
2022-05-23,94.44,96.2,92.81,95.27,255588,比亚迪
2022-05-24,93.54,94.52,90.54,90.54,290497,比亚迪
2022-05-25,90.62,93.09,89.55,92.6,230858,比亚迪
2022-05-26,92.66,93.94,91.04,92.42,143095,比亚迪
2022-05-27,94.52,96.07,92.42,93.16,153187,比亚迪
2022-05-30,94.2,96.77,93.9,96.24,218524,比亚迪
2022-05-31,96.87,97.19,94.71,95.51,177011,比亚迪
2022-06-01,96.2,98.47,94.58,96.86,216912,比亚迪
2022-06-02,95.54,98.54,95.28,97.21,177728,比亚迪
2022-06-06,98.2,103.69,97.72,102.95,294757,比亚迪
2022-06-07,102.87,103.49,100.57,101.83,200221,比亚迪
2022-06-08,103.07,106.22,101.21,106.01,290513,比亚迪
2022-06-09,108.21,108.47,103.87,104.34,307542,比亚迪
2022-06-10,104.04,113.54,103.89,113.14,438249,比亚迪
2022-06-13,112.2,116.49,110.4,113.14,360681,比亚迪
2022-06-14,110.87,111.8,105.95,111.4,404789,比亚迪
2022-06-15,111.53,112.28,107.71,108.54,303948,比亚迪
2022-06-16,108.7,111.1,108.01,108.87,190172,比亚迪
2022-06-17,106.9,110.6,105.89,109.54,262148,比亚迪
2022-06-20,109.56,113.09,108.54,110.93,245416,比亚迪
2022-06-21,110.12,110.8,107.6,110.54,197827,比亚迪
2022-06-22,111.01,112.75,109.54,110.16,186788,比亚迪
2022-06-23,111.77,114.89,109.54,114.7,323142,比亚迪
2022-06-24,114.53,115.63,112.21,113.89,235984,比亚迪
2022-06-27,114.23,115.87,112.98,113.43,217155,比亚迪
2022-06-28,112.54,116.47,111.11,114.5,269635,比亚迪
2022-06-29,113.53,113.54,107.37,107.41,361146,比亚迪
2022-06-30,107.2,109.99,106.87,108.03,220145,比亚迪
2022-07-01,107.6,107.87,103.57,106.6,234113,比亚迪
2022-07-04,107.54,109.61,106.94,108.92,209512,比亚迪
2022-07-05,109.2,110.4,106.73,108.17,173757,比亚迪
2022-07-06,108.14,110.4,107.53,108.9,183434,比亚迪
2022-07-07,109.44,114.19,107.99,113.33,304649,比亚迪
2022-07-08,113.33,114.16,109.54,109.54,190478,比亚迪
2022-07-11,108.83,108.83,103.16,104.97,254317,比亚迪
2022-07-12,103.54,103.87,96.9,99.87,450515,比亚迪
2022-07-13,99.87,101.48,95.79,100.16,341067,比亚迪
2022-07-14,99.84,104.54,99.2,104.54,272489,比亚迪
2022-07-15,108.54,113.5,107.87,109.6,444508,比亚迪
2022-07-18,111.87,112.2,106.2,109.24,238912,比亚迪
2022-07-19,109.24,109.24,106.08,107.24,158180,比亚迪
2022-07-20,107.86,108.16,106.56,107.44,103263,比亚迪
2022-07-21,106.54,107.2,104.52,105.04,132003,比亚迪
2022-07-22,105.54,108.42,105.54,106.74,141774,比亚迪
2022-07-25,105.54,105.87,103.54,104.52,115017,比亚迪
2022-07-26,104.36,106.1,103.54,105.2,107656,比亚迪
2022-07-27,104.87,106.8,103.87,105.47,91056,比亚迪
2022-07-28,106.54,107.35,104.87,105.35,109065,比亚迪
2022-07-29,104.57,106.17,102.89,103.69,114854,比亚迪
2022-08-01,102.9,107.6,102.34,107.08,187584,比亚迪
2022-08-02,105.2,107.06,104.0,105.77,156643,比亚迪
2022-08-03,105.8,108.52,103.2,104.23,188723,比亚迪
2022-08-04,106.24,107.39,104.27,105.84,186637,比亚迪
2022-08-05,106.9,107.53,103.0,105.07,157564,比亚迪
2022-08-08,104.27,105.2,103.24,104.02,129488,比亚迪
2022-08-09,103.96,104.84,102.95,103.48,116107,比亚迪
2022-08-10,103.47,103.47,98.57,99.69,258499,比亚迪
2022-08-11,100.71,102.2,98.77,101.91,165445,比亚迪
2022-08-12,101.91,102.33,100.24,100.88,101338,比亚迪
2022-08-15,100.97,103.31,100.64,101.97,135119,比亚迪
2022-08-16,102.17,104.2,102.07,103.21,157243,比亚迪
2022-08-17,103.57,106.77,102.48,106.21,210871,比亚迪
2022-08-18,105.9,106.9,104.85,105.58,142790,比亚迪
2022-08-19,105.25,106.05,102.57,103.37,124289,比亚迪
2022-08-22,102.24,105.6,100.98,104.6,147668,比亚迪
2022-08-23,104.9,105.42,103.23,104.11,93000,比亚迪
2022-08-24,104.13,104.56,100.0,100.07,186783,比亚迪
2022-08-25,100.09,100.6,97.79,100.1,140221,比亚迪
2022-08-26,101.23,102.88,100.24,102.15,122127,比亚迪
2022-08-29,101.46,102.53,100.73,101.42,85912,比亚迪
2022-08-30,102.07,103.07,100.24,100.52,110247,比亚迪
2022-08-31,93.9,95.77,91.57,92.9,408060,比亚迪
2022-09-01,91.9,95.1,91.58,92.47,192582,比亚迪
2022-09-02,93.14,93.44,89.6,90.9,161662,比亚迪
2022-09-05,86.57,87.2,83.94,86.49,351208,比亚迪
2022-09-06,86.49,88.39,85.97,87.88,189903,比亚迪
2022-09-07,87.57,91.92,87.1,91.14,190873,比亚迪
2022-09-08,91.24,91.9,89.24,89.66,116429,比亚迪
2022-09-09,90.57,90.73,89.23,90.14,76098,比亚迪
2022-09-13,90.9,92.47,90.03,91.84,111524,比亚迪
2022-09-14,90.9,91.5,88.99,89.68,105151,比亚迪
2022-09-15,90.24,90.4,85.87,86.74,152395,比亚迪
2022-09-16,86.24,87.39,85.02,85.56,104476,比亚迪
2022-09-19,86.24,88.2,85.8,87.02,110950,比亚迪
2022-09-20,88.17,89.4,87.57,88.31,111245,比亚迪
2022-09-21,87.5,87.77,85.9,86.9,83754,比亚迪
2022-09-22,86.07,86.7,84.0,86.42,92800,比亚迪
2022-09-23,85.93,86.83,85.0,85.7,79644,比亚迪
2022-09-26,85.7,88.9,84.76,87.89,143606,比亚迪
2022-09-27,87.89,88.51,86.92,88.22,83096,比亚迪
2022-09-28,87.9,87.9,85.4,85.44,85620,比亚迪
2022-09-29,86.9,87.5,84.9,85.09,88357,比亚迪
2022-09-30,84.57,84.75,79.9,80.91,214036,比亚迪
2022-10-10,80.99,82.37,80.05,80.64,117479,比亚迪
2022-10-11,80.9,82.7,80.01,81.91,132820,比亚迪
2022-10-12,81.57,84.65,80.22,84.35,144871,比亚迪
2022-10-13,83.57,84.57,82.93,82.96,96187,比亚迪
2022-10-14,84.26,86.6,83.55,85.08,145695,比亚迪
2022-10-17,84.57,84.57,82.47,83.79,109678,比亚迪
2022-10-18,89.9,89.9,87.74,88.13,244142,比亚迪
2022-10-19,88.13,89.05,85.86,86.07,134004,比亚迪
2022-10-20,84.9,85.43,82.7,84.74,128417,比亚迪
2022-10-21,84.74,87.2,84.24,85.67,104786,比亚迪
2022-10-24,85.2,85.67,81.43,82.09,167413,比亚迪
2022-10-25,81.24,83.77,80.25,82.87,113243,比亚迪
2022-10-26,83.57,84.92,82.0,82.86,126415,比亚迪
2022-10-27,83.23,83.81,81.9,81.9,97766,比亚迪
2022-10-28,81.24,81.24,75.51,76.87,263164,比亚迪
2022-10-31,76.07,80.57,75.94,79.13,187942,比亚迪
2022-11-01,79.27,84.3,79.24,84.18,219283,比亚迪
2022-11-02,83.9,87.44,83.02,86.09,187319,比亚迪
2022-11-03,85.24,87.49,84.94,86.23,102384,比亚迪
2022-11-04,86.56,91.24,86.24,90.3,224887,比亚迪
2022-11-07,88.57,90.91,87.9,89.86,135842,比亚迪
2022-11-08,90.05,91.1,88.07,89.04,105634,比亚迪
2022-11-09,89.62,89.86,86.45,86.78,111946,比亚迪
2022-11-10,85.11,85.23,82.17,83.66,155497,比亚迪
2022-11-11,87.07,87.89,85.29,86.5,166100,比亚迪
2022-11-14,86.65,87.75,84.49,84.83,115237,比亚迪
2022-11-15,84.9,86.34,83.6,85.9,112848,比亚迪
2022-11-16,85.5,85.77,83.6,83.93,103549,比亚迪
2022-11-17,83.54,83.54,81.43,82.57,111261,比亚迪
2022-11-18,82.83,83.42,81.4,81.8,101184,比亚迪
2022-11-21,81.18,81.77,79.74,81.64,82515,比亚迪
2022-11-22,81.9,81.99,80.24,80.4,80146,比亚迪
2022-11-23,80.4,80.74,79.3,80.74,88469,比亚迪
2022-11-24,81.35,81.9,79.66,80.03,85314,比亚迪
2022-11-25,79.9,79.9,78.57,78.59,87822,比亚迪
2022-11-28,76.9,78.61,75.98,78.61,99109,比亚迪
2022-11-29,79.0,80.13,77.9,79.67,123581,比亚迪
2022-11-30,79.69,83.57,79.06,83.41,212873,比亚迪
2022-12-01,86.24,87.22,85.21,85.79,257986,比亚迪
2022-12-02,85.21,86.09,83.73,84.26,116075,比亚迪
2022-12-05,85.55,86.1,84.2,84.69,105233,比亚迪
2022-12-06,83.75,87.45,83.57,86.1,123007,比亚迪
2022-12-07,86.12,89.66,86.12,88.15,192666,比亚迪
2022-12-08,88.15,88.57,87.19,88.33,94581,比亚迪
2022-12-09,88.73,89.47,87.39,88.47,100992,比亚迪
2022-12-12,87.56,88.06,86.24,86.86,80128,比亚迪
2022-12-13,87.57,88.57,86.74,86.84,61384,比亚迪
2022-12-14,86.71,86.72,84.77,85.7,94365,比亚迪
2022-12-15,85.68,87.66,84.74,87.39,97123,比亚迪
2022-12-16,86.93,87.36,86.09,87.07,56197,比亚迪
2022-12-19,86.57,88.57,85.44,85.74,84039,比亚迪
2022-12-20,85.54,85.54,83.13,84.1,84908,比亚迪
2022-12-21,84.1,84.52,83.44,83.84,41966,比亚迪
2022-12-22,84.57,84.74,83.07,83.3,59210,比亚迪
2022-12-23,82.27,82.37,80.4,80.96,90819,比亚迪
2022-12-26,80.97,84.74,80.97,84.38,93548,比亚迪
2022-12-27,84.72,84.9,83.5,84.28,55537,比亚迪
2022-12-28,82.74,83.3,81.24,81.78,102564,比亚迪
2022-12-29,81.57,83.19,80.95,81.82,72256,比亚迪
2022-12-30,83.07,83.69,82.41,82.56,74890,比亚迪
2023-01-03,82.37,84.21,80.24,83.73,121374,比亚迪
2023-01-04,83.57,83.73,82.4,83.27,72675,比亚迪
2023-01-05,84.41,86.1,83.92,85.26,118936,比亚迪
2023-01-06,86.21,87.3,85.27,85.64,138855,比亚迪
2023-01-09,86.24,86.24,84.33,84.7,114169,比亚迪
2023-01-10,84.25,86.76,82.67,85.77,173513,比亚迪
2023-01-11,85.2,87.24,84.04,86.57,128364,比亚迪
2023-01-12,87.41,91.72,87.14,89.34,223479,比亚迪
2023-01-13,89.37,90.21,88.57,89.76,128411,比亚迪
2023-01-16,89.76,89.83,87.57,88.17,165000,比亚迪
2023-01-17,88.17,88.4,86.55,86.9,111666,比亚迪
2023-01-18,86.85,87.74,85.73,86.57,86108,比亚迪
2023-01-19,86.2,87.19,85.74,87.07,81239,比亚迪
2023-01-20,87.24,87.53,85.91,86.93,104649,比亚迪
2023-01-30,91.9,92.9,90.57,90.9,281854,比亚迪
2023-01-31,91.9,93.17,90.37,92.17,187110,比亚迪
2023-02-01,92.9,98.35,92.28,98.35,272987,比亚迪
2023-02-02,98.86,98.95,96.89,97.78,148030,比亚迪
2023-02-03,96.89,96.89,94.5,95.24,152948,比亚迪
2023-02-06,94.13,94.13,92.77,93.56,100447,比亚迪
2023-02-07,94.23,94.4,92.77,93.24,76835,比亚迪
2023-02-08,93.24,93.24,91.17,92.12,92901,比亚迪
2023-02-09,91.57,93.18,91.0,93.01,90649,比亚迪
2023-02-10,92.2,92.2,90.24,90.86,129708,比亚迪
2023-02-13,89.91,91.33,89.26,91.01,93461,比亚迪
2023-02-14,91.57,91.74,89.94,90.89,73644,比亚迪
2023-02-15,91.24,91.54,89.76,89.9,90832,比亚迪
2023-02-16,90.24,90.83,88.52,89.24,103348,比亚迪
2023-02-17,89.07,89.6,87.33,87.46,100997,比亚迪
2023-02-20,87.43,88.0,85.9,87.84,130701,比亚迪
2023-02-21,87.57,89.09,87.0,88.49,113690,比亚迪
2023-02-22,87.54,87.78,86.54,87.04,85088,比亚迪
2023-02-23,86.87,87.46,86.4,87.05,100358,比亚迪
2023-02-24,86.58,86.86,85.9,86.1,66868,比亚迪
2023-02-27,85.24,85.53,82.9,83.51,169704,比亚迪
2023-02-28,83.9,84.24,82.76,83.84,120330,比亚迪
2023-03-01,83.82,85.75,82.82,85.4,143658,比亚迪
2023-03-02,85.61,86.28,84.24,84.81,114905,比亚迪
2023-03-03,85.23,85.31,84.26,84.83,63982,比亚迪
2023-03-06,84.9,85.11,82.9,84.99,112124,比亚迪
2023-03-07,84.96,85.9,83.74,83.8,105933,比亚迪
2023-03-08,83.07,83.5,81.9,82.57,120898,比亚迪
2023-03-09,82.4,83.51,81.57,82.26,96731,比亚迪
2023-03-10,80.9,81.24,77.67,77.95,283464,比亚迪
2023-03-13,77.48,77.89,75.9,77.07,167343,比亚迪
2023-03-14,76.9,77.74,74.58,76.9,198568,比亚迪
2023-03-15,77.4,77.73,76.04,76.44,120715,比亚迪
2023-03-16,75.24,76.78,74.9,75.17,118370,比亚迪
2023-03-17,75.83,77.23,75.41,76.21,135003,比亚迪
2023-03-20,76.21,76.69,75.1,75.43,86323,比亚迪
2023-03-21,75.87,76.74,75.17,76.74,108873,比亚迪
2023-03-22,77.64,79.43,77.6,77.97,155339,比亚迪
2023-03-23,77.9,78.74,76.74,78.73,97461,比亚迪
2023-03-24,78.74,79.45,78.07,78.91,81018,比亚迪
2023-03-27,78.9,78.9,77.0,78.12,92495,比亚迪
2023-03-28,78.4,78.79,77.7,78.57,81845,比亚迪
2023-03-29,79.09,80.32,79.09,79.47,144303,比亚迪
2023-03-30,80.24,82.64,80.24,82.64,209267,比亚迪
2023-03-31,83.23,83.86,81.9,82.24,167008,比亚迪
2023-04-03,82.24,82.98,80.99,82.21,133691,比亚迪
2023-04-04,82.17,82.17,79.57,80.54,137744,比亚迪
2023-04-06,79.57,80.53,78.8,80.24,81942,比亚迪
2023-04-07,80.25,80.95,79.68,80.0,68723,比亚迪
2023-04-10,80.0,80.64,78.9,80.57,98058,比亚迪
2023-04-11,80.95,81.73,79.77,80.18,87455,比亚迪
2023-04-12,79.84,79.84,78.01,78.04,112330,比亚迪
2023-04-13,77.1,77.9,76.16,77.84,80965,比亚迪
2023-04-14,78.04,79.39,77.9,78.92,105506,比亚迪
2023-04-17,78.57,80.13,78.31,80.05,90394,比亚迪
2023-04-18,80.37,80.96,79.72,79.9,78432,比亚迪
2023-04-19,79.9,81.3,78.93,80.52,111927,比亚迪
2023-04-20,80.21,80.21,78.57,78.58,100308,比亚迪
2023-04-21,78.4,79.89,77.9,77.9,104052,比亚迪
2023-04-24,78.27,83.1,77.96,81.4,267017,比亚迪
2023-04-25,80.57,80.84,77.64,78.34,187419,比亚迪
2023-04-26,77.9,81.75,77.24,80.57,174492,比亚迪
2023-04-27,80.24,83.23,80.09,83.21,242464,比亚迪
2023-04-28,84.06,84.56,81.57,82.19,191945,比亚迪
2023-05-04,81.9,82.77,80.7,81.08,118124,比亚迪
2023-05-05,81.09,81.5,79.55,80.26,102440,比亚迪
2023-05-08,81.24,83.27,81.08,81.58,121626,比亚迪
2023-05-09,80.25,81.36,79.9,80.27,89885,比亚迪
2023-05-10,80.57,84.3,79.97,83.5,253691,比亚迪
2023-05-11,83.83,86.84,83.13,84.82,214237,比亚迪
2023-05-12,85.57,86.32,83.41,83.6,104574,比亚迪
2023-05-15,83.6,85.75,83.14,85.2,136926,比亚迪
2023-05-16,85.03,86.04,84.64,85.28,81639,比亚迪
2023-05-17,85.23,85.5,83.24,83.9,89556,比亚迪
2023-05-18,84.34,84.86,82.42,83.26,100697,比亚迪
2023-05-19,82.96,83.88,82.34,83.3,60106,比亚迪
2023-05-22,83.88,85.57,82.6,85.27,120165,比亚迪
2023-05-23,85.25,85.86,84.55,84.55,90619,比亚迪
2023-05-24,84.1,85.24,83.41,84.21,68093,比亚迪
2023-05-25,84.22,84.85,81.95,82.1,132079,比亚迪
2023-05-26,81.24,81.24,77.84,79.23,185813,比亚迪
2023-05-29,80.24,80.42,77.57,78.55,124723,比亚迪
2023-05-30,78.89,81.9,78.85,80.97,166881,比亚迪
2023-05-31,80.97,81.87,80.12,81.46,118381,比亚迪
2023-06-01,81.46,82.86,81.31,82.05,86736,比亚迪
2023-06-02,82.86,83.43,82.1,83.26,110680,比亚迪
2023-06-05,83.24,83.26,80.79,83.01,104795,比亚迪
2023-06-06,82.89,85.24,82.3,83.86,128981,比亚迪
2023-06-07,84.24,84.72,82.07,82.42,100490,比亚迪
2023-06-08,82.3,83.18,81.73,81.9,64454,比亚迪
2023-06-09,83.17,83.27,81.07,82.9,107484,比亚迪
2023-06-12,82.4,84.57,82.07,83.74,102891,比亚迪
2023-06-13,83.74,84.24,82.61,83.98,81511,比亚迪
2023-06-14,84.46,85.37,84.07,84.57,125776,比亚迪
2023-06-15,84.74,88.57,84.67,87.53,243961,比亚迪
2023-06-16,88.19,88.86,86.9,87.26,152297,比亚迪
2023-06-19,87.26,88.57,86.2,86.64,123565,比亚迪
2023-06-20,86.57,86.64,85.2,86.32,102366,比亚迪
2023-06-21,85.91,88.0,85.65,86.16,107812,比亚迪
2023-06-26,84.38,86.47,84.34,84.53,101512,比亚迪
2023-06-27,84.24,84.85,82.6,83.59,99029,比亚迪
2023-06-28,83.57,84.4,82.94,83.65,57270,比亚迪
2023-06-29,83.65,83.83,81.98,82.14,83485,比亚迪
2023-06-30,81.61,83.57,81.47,82.99,75724,比亚迪
2023-07-03,83.2,86.66,83.2,86.06,162565,比亚迪
2023-07-04,86.4,88.57,85.74,87.4,157120,比亚迪
2023-07-05,87.41,87.73,85.47,85.9,93033,比亚迪
2023-07-06,85.9,87.57,85.84,86.27,83712,比亚迪
2023-07-07,85.9,86.12,84.94,85.04,62192,比亚迪
2023-07-10,85.9,86.74,84.49,84.75,68878,比亚迪
2023-07-11,85.24,87.13,84.84,86.68,102405,比亚迪
2023-07-12,87.07,87.29,85.12,85.44,87032,比亚迪
2023-07-13,86.07,86.74,85.24,86.18,82753,比亚迪
2023-07-14,86.17,86.17,84.74,85.04,102722,比亚迪
2023-07-17,85.9,85.9,84.35,85.07,78927,比亚迪
2023-07-18,85.32,86.09,83.74,85.4,98456,比亚迪
2023-07-19,85.4,85.54,84.48,85.18,50250,比亚迪
2023-07-20,85.4,86.74,84.9,85.22,91271,比亚迪
2023-07-21,84.9,85.17,84.09,85.01,75287,比亚迪
2023-07-24,83.91,84.49,82.73,82.74,95950,比亚迪
2023-07-25,84.46,85.9,84.45,85.1,173883,比亚迪
2023-07-26,84.82,84.82,83.77,84.27,65865,比亚迪
2023-07-27,85.07,85.49,83.84,84.11,112651,比亚迪
2023-07-28,83.95,86.5,83.36,86.28,173308,比亚迪
2023-07-31,87.28,89.48,87.24,87.95,215060,比亚迪
2023-08-01,87.87,88.2,86.12,86.78,120340,比亚迪
2023-08-02,87.52,87.95,86.07,86.62,87394,比亚迪
2023-08-03,86.38,86.78,85.79,86.69,66170,比亚迪
2023-08-04,86.95,87.31,86.17,86.72,88053,比亚迪
2023-08-07,86.59,86.59,85.68,86.28,64204,比亚迪
2023-08-08,85.68,86.12,84.79,85.05,91712,比亚迪
2023-08-09,84.62,85.12,84.03,84.92,72499,比亚迪
2023-08-10,84.95,85.57,84.2,84.85,60016,比亚迪
2023-08-11,84.85,84.85,83.62,83.7,86125,比亚迪
2023-08-14,82.28,82.95,78.45,79.22,252890,比亚迪
2023-08-15,79.22,79.33,77.92,78.8,115021,比亚迪
2023-08-16,78.38,79.12,78.02,78.68,79979,比亚迪
2023-08-17,78.41,79.4,77.42,79.29,86836,比亚迪
2023-08-18,79.14,79.14,77.28,77.38,98467,比亚迪
2023-08-21,77.22,77.24,75.3,75.42,127879,比亚迪
2023-08-22,76.61,76.78,74.25,75.46,112116,比亚迪
2023-08-23,75.46,75.46,73.96,73.98,81238,比亚迪
2023-08-24,74.29,76.28,74.29,75.58,106811,比亚迪
2023-08-25,75.04,75.39,74.45,74.82,66775,比亚迪
2023-08-28,79.95,79.95,75.37,75.79,133527,比亚迪
2023-08-29,76.22,79.78,76.22,79.52,213223,比亚迪
2023-08-30,80.39,81.11,79.9,80.55,152187,比亚迪
2023-08-31,80.79,80.95,79.95,80.42,88734,比亚迪
2023-09-01,81.62,82.11,79.95,80.32,77772,比亚迪
2023-09-04,81.15,81.62,80.24,81.43,96512,比亚迪
2023-09-05,81.35,81.35,80.18,80.29,74571,比亚迪
2023-09-06,80.62,81.38,80.38,80.77,65929,比亚迪
2023-09-07,80.76,80.76,79.99,80.08,60913,比亚迪
2023-09-08,79.62,79.62,78.18,78.63,67634,比亚迪
2023-09-11,78.52,80.12,78.02,79.62,76513,比亚迪
2023-09-12,80.18,81.74,79.65,81.28,119532,比亚迪
2023-09-13,81.28,82.04,80.75,81.13,91479,比亚迪
2023-09-14,79.55,79.6,77.95,78.49,152580,比亚迪
2023-09-15,78.62,79.56,77.79,78.71,82256,比亚迪
2023-09-18,78.78,81.02,78.71,79.74,96405,比亚迪
2023-09-19,79.28,80.04,78.55,79.67,62397,比亚迪
2023-09-20,78.95,79.38,78.62,78.62,54497,比亚迪
2023-09-21,78.28,78.57,76.8,77.18,92965,比亚迪
2023-09-22,77.12,79.17,76.78,78.97,96764,比亚迪
2023-09-25,79.56,79.61,78.73,79.22,64787,比亚迪
2023-09-26,78.95,78.95,76.72,76.78,118463,比亚迪
2023-09-27,76.99,78.02,76.55,76.56,75734,比亚迪
2023-09-28,76.88,77.12,75.97,76.18,85258,比亚迪
2023-10-09,76.18,76.79,73.84,76.61,91791,比亚迪
2023-10-10,76.6,77.29,76.28,76.59,63937,比亚迪
2023-10-11,77.94,78.12,76.62,76.81,76684,比亚迪
2023-10-12,77.42,79.12,76.95,78.77,139341,比亚迪
2023-10-13,77.92,78.21,77.22,77.4,66445,比亚迪
2023-10-16,77.42,77.64,76.12,76.45,66022,比亚迪
2023-10-17,76.46,77.28,76.12,76.62,49164,比亚迪
2023-10-18,79.15,80.95,78.62,80.31,307863,比亚迪
2023-10-19,79.6,79.94,77.4,77.48,147753,比亚迪
2023-10-20,77.28,77.88,76.69,77.02,85659,比亚迪
2023-10-23,77.28,77.28,76.02,76.83,73537,比亚迪
2023-10-24,77.05,77.45,75.51,75.8,110779,比亚迪
2023-10-25,76.61,77.29,76.02,76.42,83676,比亚迪
2023-10-26,75.97,76.88,75.85,76.82,73199,比亚迪
2023-10-27,76.62,78.45,76.46,77.93,103206,比亚迪
2023-10-30,77.12,78.95,76.85,78.82,117295,比亚迪
2023-10-31,78.45,78.61,76.45,76.8,127205,比亚迪
2023-11-01,76.62,76.62,75.76,76.02,93390,比亚迪
2023-11-02,76.57,76.58,75.55,75.55,85414,比亚迪
2023-11-03,75.79,77.0,75.58,76.83,90679,比亚迪
2023-11-06,77.45,78.43,77.28,78.25,143548,比亚迪
2023-11-07,78.28,78.72,77.45,77.61,94513,比亚迪
2023-11-08,77.4,77.57,77.01,77.28,80128,比亚迪
2023-11-09,77.28,77.53,76.73,77.05,73183,比亚迪
2023-11-10,76.95,76.95,75.84,76.27,81902,比亚迪
2023-11-13,76.58,76.68,75.65,76.32,69738,比亚迪
2023-11-14,76.38,76.68,76.15,76.49,55217,比亚迪
2023-11-15,77.25,77.28,76.72,76.83,78692,比亚迪
2023-11-16,77.22,77.22,76.36,76.72,61690,比亚迪
2023-11-17,76.28,76.81,75.95,76.2,59462,比亚迪
2023-11-20,75.88,76.12,75.48,75.62,76771,比亚迪
2023-11-21,75.85,76.18,75.17,75.35,82386,比亚迪
2023-11-22,75.12,75.12,73.91,73.95,105571,比亚迪
2023-11-23,74.12,74.38,72.99,73.56,105764,比亚迪
2023-11-24,73.55,73.55,69.08,69.57,280659,比亚迪
2023-11-27,67.95,67.95,65.62,66.92,215481,比亚迪
2023-11-28,66.92,67.87,66.29,67.25,122211,比亚迪
2023-11-29,67.24,67.25,64.41,64.61,219246,比亚迪
2023-11-30,64.48,64.86,63.43,63.67,187242,比亚迪
2023-12-01,64.11,64.22,61.55,62.97,194190,比亚迪
2023-12-04,62.97,63.71,61.82,62.75,117613,比亚迪
2023-12-05,62.95,63.94,62.49,62.73,152372,比亚迪
2023-12-06,62.73,64.36,62.62,64.35,176347,比亚迪
2023-12-07,64.35,64.35,63.05,63.77,103169,比亚迪
2023-12-08,63.63,64.07,63.39,63.47,77700,比亚迪
2023-12-11,62.87,63.81,62.16,63.68,101086,比亚迪
2023-12-12,63.34,63.53,62.66,62.73,79797,比亚迪
2023-12-13,62.56,62.56,61.19,61.22,117535,比亚迪
2023-12-14,61.62,62.68,60.99,61.01,92497,比亚迪
2023-12-15,61.64,62.08,60.98,61.71,101841,比亚迪
2023-12-18,60.97,61.45,60.05,60.3,100511,比亚迪
2023-12-19,60.13,60.18,59.34,59.95,79370,比亚迪
2023-12-20,60.06,60.39,58.91,58.91,84925,比亚迪
2023-12-21,58.39,60.61,58.23,60.51,133149,比亚迪
2023-12-22,60.58,62.41,59.96,61.37,117998,比亚迪
2023-12-25,61.62,62.02,60.69,61.34,53770,比亚迪
2023-12-26,61.34,61.34,60.62,61.2,41380,比亚迪
2023-12-27,61.62,61.78,60.85,61.1,61364,比亚迪
2023-12-28,60.96,63.5,60.84,63.3,138778,比亚迪
2023-12-29,63.61,63.88,63.0,63.28,80367,比亚迪
2024-01-02,63.82,63.82,61.41,61.48,113928,比亚迪
2024-01-03,61.45,61.91,60.85,61.67,84486,比亚迪
2024-01-04,62.06,62.17,60.98,61.62,89870,比亚迪
2024-01-05,61.44,63.12,60.99,61.51,112402,比亚迪
2024-01-08,61.55,61.84,60.33,60.42,81078,比亚迪
2024-01-09,60.95,62.62,60.68,61.57,112187,比亚迪
2024-01-10,61.18,61.72,60.48,60.71,71416,比亚迪
2024-01-11,60.68,63.52,60.22,62.88,159862,比亚迪
2024-01-12,62.88,63.37,62.38,62.57,87023,比亚迪
2024-01-15,62.19,62.95,61.42,62.15,70220,比亚迪
2024-01-16,61.92,62.8,61.64,62.38,83809,比亚迪
2024-01-17,62.02,62.13,59.55,59.55,160795,比亚迪
2024-01-18,59.17,60.95,58.92,60.78,114592,比亚迪
2024-01-19,60.45,61.6,60.18,60.4,80905,比亚迪
2024-01-22,60.24,61.05,58.8,59.06,132240,比亚迪
2024-01-23,58.95,60.27,58.72,59.9,110726,比亚迪
2024-01-24,60.38,60.57,58.64,60.18,96641,比亚迪
2024-01-25,60.24,60.92,59.17,60.58,130769,比亚迪
2024-01-26,60.28,60.28,59.12,59.24,115855,比亚迪
2024-01-29,59.25,59.28,56.72,56.76,146043,比亚迪
2024-01-30,54.98,55.78,54.05,54.61,190761,比亚迪
2024-01-31,54.31,55.71,54.06,54.19,125368,比亚迪
2024-02-01,53.95,54.95,53.4,54.25,116651,比亚迪
2024-02-02,54.27,54.58,51.62,52.95,147992,比亚迪
2024-02-05,52.28,54.54,51.54,53.28,186216,比亚迪
2024-02-06,52.62,55.99,52.45,55.91,176190,比亚迪
2024-02-07,56.37,58.28,55.98,57.14,160094,比亚迪
2024-02-08,57.78,58.4,57.52,57.67,119246,比亚迪
2024-02-19,58.58,59.07,57.9,58.45,119687,比亚迪
2024-02-20,58.45,58.51,56.28,56.96,113357,比亚迪
2024-02-21,56.32,59.15,56.17,58.28,147693,比亚迪
2024-02-22,58.25,58.5,57.7,58.28,80906,比亚迪
2024-02-23,58.28,58.61,57.56,58.18,91175,比亚迪
2024-02-26,59.28,60.66,59.13,59.28,155461,比亚迪
2024-02-27,59.77,61.93,59.68,61.85,206343,比亚迪
2024-02-28,62.62,62.79,59.95,59.95,168292,比亚迪
2024-02-29,59.62,61.15,59.35,61.02,122363,比亚迪
2024-03-01,60.92,61.61,60.21,61.34,122158,比亚迪
2024-03-04,60.62,61.18,59.98,60.37,126865,比亚迪
2024-03-05,59.78,61.17,59.12,60.89,149624,比亚迪
2024-03-06,60.62,61.61,60.28,61.17,100100,比亚迪
2024-03-07,61.3,61.94,60.22,60.25,101327,比亚迪
2024-03-08,60.05,60.67,59.7,59.98,67150,比亚迪
2024-03-11,59.95,63.92,59.95,63.53,278080,比亚迪
2024-03-12,64.28,66.17,63.21,65.65,245029,比亚迪
2024-03-13,66.26,67.42,65.89,66.07,177813,比亚迪
2024-03-14,66.76,69.07,66.76,67.98,211352,比亚迪
2024-03-15,67.28,67.74,66.01,67.11,146628,比亚迪
2024-03-18,67.9,70.03,67.82,69.96,196982,比亚迪
2024-03-19,69.96,70.57,68.75,69.55,146973,比亚迪
2024-03-20,69.62,70.88,69.62,70.11,96805,比亚迪
2024-03-21,70.26,70.55,69.62,70.27,88667,比亚迪
2024-03-22,70.27,70.27,69.02,69.6,104672,比亚迪
2024-03-25,69.41,69.88,68.23,68.68,99109,比亚迪
2024-03-26,69.28,70.61,69.04,70.48,131346,比亚迪
2024-03-27,70.49,70.52,67.29,67.94,188849,比亚迪
2024-03-28,67.23,67.9,65.95,66.74,159435,比亚迪
2024-03-29,66.76,66.79,64.34,64.97,141381,比亚迪
2024-04-01,64.97,68.28,64.97,67.95,142909,比亚迪
2024-04-02,67.95,69.72,67.88,68.06,107585,比亚迪
2024-04-03,67.45,67.65,66.47,66.67,83634,比亚迪
2024-04-08,66.28,68.95,66.08,67.95,128227,比亚迪
2024-04-09,67.87,68.95,67.73,67.98,84208,比亚迪
2024-04-10,68.72,68.78,67.28,67.9,72411,比亚迪
2024-04-11,66.95,69.1,66.55,68.28,100854,比亚迪
2024-04-12,67.95,69.68,67.13,67.48,114918,比亚迪
2024-04-15,67.28,69.12,66.98,68.49,113332,比亚迪
2024-04-16,68.08,69.07,67.52,67.83,98323,比亚迪
2024-04-17,67.62,68.34,67.15,68.28,96922,比亚迪
2024-04-18,67.95,69.45,67.08,68.48,133998,比亚迪
2024-04-19,68.01,68.24,66.3,67.33,111770,比亚迪
2024-04-22,67.28,67.79,66.65,66.8,64695,比亚迪
2024-04-23,66.8,66.8,65.28,65.63,87300,比亚迪
2024-04-24,66.25,66.88,65.45,66.42,74979,比亚迪
2024-04-25,66.42,67.79,66.16,66.93,94684,比亚迪
2024-04-26,67.28,70.54,67.28,70.41,253454,比亚迪
2024-04-29,70.98,72.42,70.19,71.08,191676,比亚迪
2024-04-30,71.78,72.08,70.12,70.12,115560,比亚迪
2024-05-06,72.28,73.41,71.78,72.72,186779,比亚迪
2024-05-07,72.72,74.61,71.96,73.91,144190,比亚迪
2024-05-08,73.46,73.58,72.62,72.69,91132,比亚迪
2024-05-09,72.72,73.42,72.67,73.33,79007,比亚迪
2024-05-10,72.95,73.79,72.62,73.22,80613,比亚迪
2024-05-13,72.35,73.07,71.48,72.52,82481,比亚迪
2024-05-14,72.52,73.14,71.99,72.25,62619,比亚迪
2024-05-15,72.12,72.62,70.05,70.33,99734,比亚迪
2024-05-16,70.33,70.6,69.49,70.05,87157,比亚迪
2024-05-17,70.41,70.73,69.84,70.48,71487,比亚迪
2024-05-20,70.11,71.95,70.11,71.57,75959,比亚迪
2024-05-21,71.28,71.28,69.76,70.21,84080,比亚迪
2024-05-22,70.01,70.45,69.0,69.59,88398,比亚迪
2024-05-23,69.23,69.23,68.45,68.93,62287,比亚迪
2024-05-24,68.61,68.62,66.88,67.05,102876,比亚迪
2024-05-27,67.28,67.55,66.15,66.73,76046,比亚迪
2024-05-28,66.88,66.92,66.14,66.41,60946,比亚迪
2024-05-29,67.62,72.62,67.61,72.18,302648,比亚迪
2024-05-30,72.09,73.74,71.92,73.24,223792,比亚迪
2024-05-31,73.55,74.48,72.95,73.62,185430,比亚迪
2024-06-03,73.62,77.44,72.61,76.32,270146,比亚迪
2024-06-04,76.25,77.22,75.93,76.67,157429,比亚迪
2024-06-05,76.78,79.38,76.78,77.55,194434,比亚迪
2024-06-06,77.68,78.55,76.45,76.78,175865,比亚迪
2024-06-07,76.96,77.75,74.66,75.78,182594,比亚迪
2024-06-11,75.49,79.28,75.39,78.83,221597,比亚迪
2024-06-12,77.83,79.8,77.83,78.25,187332,比亚迪
2024-06-13,80.22,83.38,79.99,81.61,292519,比亚迪
2024-06-14,81.11,81.93,79.46,81.63,202610,比亚迪
2024-06-17,81.28,83.91,80.91,83.02,208649,比亚迪
2024-06-18,82.48,83.05,81.62,82.5,128789,比亚迪
2024-06-19,82.62,83.28,81.75,81.95,99108,比亚迪
2024-06-20,81.58,81.87,80.38,81.12,116200,比亚迪
2024-06-21,81.28,82.07,79.89,80.84,116330,比亚迪
2024-06-24,80.62,81.94,79.88,80.6,108423,比亚迪
2024-06-25,81.28,83.53,80.74,81.95,195746,比亚迪
2024-06-26,81.28,82.05,80.41,81.52,111917,比亚迪
2024-06-27,80.96,81.4,80.09,80.45,82911,比亚迪
2024-06-28,79.95,81.33,79.58,80.7,92982,比亚迪
2024-07-01,80.7,81.23,78.12,79.55,129273,比亚迪
2024-07-02,79.57,79.85,78.3,78.61,102627,比亚迪
2024-07-03,78.6,79.08,77.28,78.32,96574,比亚迪
2024-07-04,78.95,80.51,78.78,78.83,99196,比亚迪
2024-07-05,78.34,78.78,76.91,77.96,95665,比亚迪
2024-07-08,77.88,80.02,77.68,78.95,105375,比亚迪
2024-07-09,79.02,81.79,77.79,81.48,140763,比亚迪
2024-07-10,81.45,82.79,81.12,81.45,109283,比亚迪
2024-07-11,82.28,82.7,81.18,81.64,100359,比亚迪
2024-07-12,81.79,85.28,81.25,84.82,188863,比亚迪
2024-07-15,84.72,85.55,84.15,84.52,98716,比亚迪
2024-07-16,84.15,84.68,82.73,83.61,117588,比亚迪
2024-07-17,83.62,84.46,82.82,83.79,105192,比亚迪
2024-07-18,83.25,84.92,83.12,84.43,95322,比亚迪
2024-07-19,84.12,85.95,83.86,85.3,136214,比亚迪
2024-07-22,85.32,87.32,85.32,85.82,100750,比亚迪
2024-07-23,85.61,85.75,81.62,81.69,167410,比亚迪
2024-07-24,81.69,82.33,80.11,80.61,118640,比亚迪
2024-07-25,80.61,82.13,79.78,80.75,101104,比亚迪
2024-07-26,81.61,83.16,81.0,82.27,124842,比亚迪
2024-07-29,82.63,82.65,80.51,81.35,78859,比亚迪
2024-07-30,80.85,80.92,78.86,79.62,110393,比亚迪
2024-07-31,79.19,80.99,79.17,80.67,87490,比亚迪
2024-08-01,80.98,81.23,78.32,79.72,103635,比亚迪
2024-08-02,78.98,79.07,76.52,76.58,145671,比亚迪
2024-08-05,75.26,77.21,74.99,75.38,105268,比亚迪
2024-08-06,76.32,76.52,73.64,74.63,129102,比亚迪
2024-08-07,74.66,75.32,73.81,74.63,82022,比亚迪
2024-08-08,74.25,74.25,72.82,73.8,85357,比亚迪
2024-08-09,74.34,76.94,74.33,75.52,119852,比亚迪
2024-08-12,75.65,76.15,74.82,75.12,53779,比亚迪
2024-08-13,75.1,75.11,73.65,74.56,60437,比亚迪
2024-08-14,74.52,74.52,73.38,73.85,56330,比亚迪
2024-08-15,73.84,75.82,73.28,75.48,88545,比亚迪
2024-08-16,75.69,77.76,75.15,76.69,102219,比亚迪
2024-08-19,76.73,77.98,76.65,76.79,70182,比亚迪
2024-08-20,76.98,77.43,76.13,77.14,62484,比亚迪
2024-08-21,76.54,79.36,75.65,78.65,111043,比亚迪
2024-08-22,78.65,79.24,78.19,78.49,62488,比亚迪
2024-08-23,78.25,78.75,77.7,78.1,49786,比亚迪
2024-08-26,78.15,79.32,77.55,78.12,56513,比亚迪
2024-08-27,77.49,78.74,77.15,78.58,50926,比亚迪
2024-08-28,78.41,78.41,75.92,77.27,89041,比亚迪
2024-08-29,76.09,77.15,75.42,76.6,79385,比亚迪
2024-08-30,77.64,82.25,77.4,81.46,193028,比亚迪
2024-09-02,80.99,81.79,78.65,78.68,101135,比亚迪
2024-09-03,78.45,80.8,78.45,80.68,101820,比亚迪
2024-09-04,80.15,82.28,80.13,81.76,100606,比亚迪
2024-09-05,81.65,83.52,81.52,82.6,100126,比亚迪
2024-09-06,82.6,83.35,82.12,82.18,78142,比亚迪
2024-09-09,81.48,82.97,81.18,81.64,70851,比亚迪
2024-09-10,81.65,82.58,81.19,81.53,61248,比亚迪
2024-09-11,81.65,85.18,81.46,84.35,155361,比亚迪
2024-09-12,84.55,84.98,83.98,83.99,77251,比亚迪
2024-09-13,84.05,84.32,83.27,83.31,56992,比亚迪
2024-09-18,83.32,84.76,83.02,84.46,66820,比亚迪
2024-09-19,84.65,84.78,82.75,83.44,91043,比亚迪
2024-09-20,83.44,84.58,82.61,83.68,89898,比亚迪
2024-09-23,83.63,83.97,81.25,81.65,107583,比亚迪
2024-09-24,82.65,83.48,80.57,83.08,156495,比亚迪
2024-09-25,84.32,88.2,84.2,85.92,205710,比亚迪
2024-09-26,86.32,88.22,85.68,88.19,149066,比亚迪
2024-09-27,89.32,95.65,88.82,92.98,309922,比亚迪
2024-09-30,94.98,101.01,94.98,100.75,388805,比亚迪
2024-10-08,111.0,111.0,100.75,107.44,443439,比亚迪
2024-10-09,103.32,105.22,98.48,100.21,325919,比亚迪
2024-10-10,101.65,105.65,101.64,103.61,250167,比亚迪
2024-10-11,102.99,102.99,96.99,98.33,186418,比亚迪
2024-10-14,98.65,101.64,98.38,100.65,172365,比亚迪
2024-10-15,100.15,101.11,97.65,97.65,122149,比亚迪
2024-10-16,95.98,96.98,93.98,94.91,150322,比亚迪
2024-10-17,95.82,97.6,94.69,94.79,102457,比亚迪
2024-10-18,94.8,100.38,94.34,98.42,191092,比亚迪
2024-10-21,99.32,101.18,98.62,100.47,157816,比亚迪
2024-10-22,99.98,101.69,99.32,99.9,103733,比亚迪
2024-10-23,99.9,102.25,99.21,101.28,126695,比亚迪
2024-10-24,101.28,101.64,99.18,99.54,96885,比亚迪
2024-10-25,99.65,102.25,99.65,101.03,139820,比亚迪
2024-10-28,101.32,101.32,98.9,100.02,109324,比亚迪
2024-10-29,101.32,101.74,99.58,100.12,118546,比亚迪
2024-10-30,99.32,100.82,98.82,100.17,108448,比亚迪
2024-10-31,98.99,99.31,95.98,96.05,240852,比亚迪
2024-11-01,96.05,96.85,95.02,95.09,143041,比亚迪
2024-11-04,96.98,101.29,96.85,100.64,217319,比亚迪
2024-11-05,99.67,101.13,98.48,100.82,167820,比亚迪
2024-11-06,100.98,101.57,97.65,98.44,184861,比亚迪
2024-11-07,96.66,98.94,96.32,98.91,150676,比亚迪
2024-11-08,100.69,100.82,97.32,97.62,166716,比亚迪
2024-11-11,96.65,98.14,95.85,98.08,180859,比亚迪
2024-11-12,98.37,101.65,98.09,98.59,246557,比亚迪
2024-11-13,97.65,98.76,96.75,98.51,145116,比亚迪
2024-11-14,98.32,98.42,96.32,96.57,124583,比亚迪
2024-11-15,96.58,96.91,94.32,94.98,153236,比亚迪
2024-11-18,94.99,95.97,93.87,94.54,116206,比亚迪
2024-11-19,94.54,95.48,92.32,94.31,131947,比亚迪
2024-11-20,94.32,95.12,93.48,94.47,106017,比亚迪
2024-11-21,94.47,94.48,92.98,93.65,95533,比亚迪
2024-11-22,93.48,93.6,90.98,91.15,125142,比亚迪
2024-11-25,92.65,94.77,91.95,92.65,174533,比亚迪
2024-11-26,91.65,93.65,90.94,91.99,95206,比亚迪
2024-11-27,91.41,91.98,90.65,91.98,110003,比亚迪
2024-11-28,92.05,92.17,89.32,89.84,158589,比亚迪
2024-11-29,89.32,90.94,89.0,89.93,128005,比亚迪
2024-12-02,90.52,92.98,89.68,92.45,151357,比亚迪
2024-12-03,93.25,93.61,91.84,92.53,91450,比亚迪
2024-12-04,92.1,92.76,91.25,91.64,85013,比亚迪
2024-12-05,90.71,91.14,89.75,90.07,90268,比亚迪
2024-12-06,90.21,92.31,89.65,91.74,124698,比亚迪
2024-12-09,91.39,92.98,90.88,91.81,92153,比亚迪
2024-12-10,95.98,96.32,92.32,92.5,175929,比亚迪
2024-12-11,92.33,92.94,91.45,91.91,93360,比亚迪
2024-12-12,91.68,92.88,91.12,92.88,100134,比亚迪
2024-12-13,92.09,92.19,90.46,90.49,112359,比亚迪
2024-12-16,90.49,91.04,89.51,89.97,71490,比亚迪
2024-12-17,89.96,93.54,89.64,92.58,175682,比亚迪
2024-12-18,92.73,93.94,92.53,93.2,84106,比亚迪
2024-12-19,92.25,93.96,91.65,93.45,86729,比亚迪
2024-12-20,93.32,93.9,91.72,91.72,96707,比亚迪
2024-12-23,91.82,92.75,91.28,91.88,81516,比亚迪
2024-12-24,91.61,94.49,91.36,94.46,142287,比亚迪
2024-12-25,94.56,95.44,93.55,93.62,83391,比亚迪
2024-12-26,93.62,93.92,92.98,93.27,67605,比亚迪
2024-12-27,93.92,94.17,92.65,93.74,78683,比亚迪
2024-12-30,94.05,94.82,92.76,93.31,82947,比亚迪
2024-12-31,93.32,93.82,92.32,92.54,77620,比亚迪
2025-01-02,92.65,92.68,88.12,88.68,168784,比亚迪
2025-01-03,88.82,89.85,87.73,88.56,99365,比亚迪
2025-01-06,88.96,89.61,87.99,88.74,82447,比亚迪
2025-01-07,88.74,90.89,87.48,89.66,95722,比亚迪
2025-01-08,89.31,89.65,86.92,88.04,109082,比亚迪
2025-01-09,87.98,88.88,87.2,88.11,65613,比亚迪
2025-01-10,87.98,88.45,86.58,86.99,80548,比亚迪
2025-01-13,85.98,87.81,85.72,86.98,67214,比亚迪
2025-01-14,87.1,90.7,86.99,90.42,125790,比亚迪
2025-01-15,90.38,90.75,89.82,89.88,62336,比亚迪
2025-01-16,89.88,90.76,88.49,89.24,72572,比亚迪
2025-01-17,89.49,91.38,89.14,90.52,86142,比亚迪
2025-01-20,91.32,93.79,91.29,93.13,135797,比亚迪
2025-01-21,93.32,94.13,92.65,93.67,76441,比亚迪
2025-01-22,93.32,93.75,91.58,92.48,81057,比亚迪
2025-01-23,93.31,93.32,90.65,90.69,96174,比亚迪
2025-01-24,90.49,91.82,90.32,91.34,68144,比亚迪
2025-01-27,91.35,91.69,89.82,89.82,63408,比亚迪
2025-02-05,92.56,93.9,92.18,92.58,145351,比亚迪
2025-02-06,92.59,102.01,92.47,102.01,381459,比亚迪
2025-02-07,104.98,108.32,102.98,107.28,487075,比亚迪
2025-02-10,107.29,108.98,105.51,108.36,272711,比亚迪
2025-02-11,111.42,111.75,106.99,108.28,280364,比亚迪
2025-02-12,107.48,113.96,105.87,113.33,279357,比亚迪
2025-02-13,112.05,113.77,111.48,112.08,199840,比亚迪
2025-02-14,112.16,118.18,112.16,117.0,243645,比亚迪
2025-02-17,117.0,117.92,113.15,114.48,232015,比亚迪
2025-02-18,115.45,119.48,114.6,117.06,251797,比亚迪
2025-02-19,116.16,118.32,115.98,117.82,161918,比亚迪
2025-02-20,119.48,120.87,117.72,119.24,156937,比亚迪
2025-02-21,120.32,127.15,120.06,125.98,239292,比亚迪
2025-02-24,126.65,127.87,122.81,123.74,199407,比亚迪
2025-02-25,121.65,124.98,121.25,122.48,161103,比亚迪
2025-02-26,122.48,123.58,119.98,122.35,138529,比亚迪
2025-02-27,125.65,126.31,121.99,123.48,168446,比亚迪
2025-02-28,122.02,123.24,117.99,118.92,239304,比亚迪
2025-03-03,121.32,121.65,117.58,118.39,152078,比亚迪
2025-03-04,111.66,114.32,110.99,113.26,263453,比亚迪
2025-03-05,113.98,116.71,113.98,116.3,139069,比亚迪
2025-03-06,118.38,119.04,117.32,117.96,114601,比亚迪
2025-03-07,117.95,118.65,116.73,117.12,87584,比亚迪
2025-03-10,116.95,117.45,114.65,115.32,99177,比亚迪
2025-03-11,113.32,115.57,113.28,115.11,95370,比亚迪
2025-03-12,116.47,118.28,115.32,115.32,129511,比亚迪
2025-03-13,115.61,117.44,115.36,116.48,102211,比亚迪
2025-03-14,117.32,124.04,116.86,123.63,224697,比亚迪
2025-03-17,125.76,125.98,123.64,125.07,133069,比亚迪
2025-03-18,127.83,128.32,124.99,126.51,173339,比亚迪
2025-03-19,126.49,131.32,125.83,130.67,188352,比亚迪
2025-03-20,131.65,132.78,130.31,131.65,159413,比亚迪
2025-03-21,129.32,129.42,121.65,122.32,282107,比亚迪
2025-03-24,123.98,124.48,120.94,123.44,147894,比亚迪
2025-03-25,124.31,124.85,121.31,121.51,123085,比亚迪
2025-03-26,121.51,124.65,120.98,123.65,120205,比亚迪
2025-03-27,123.68,128.74,123.68,127.15,144394,比亚迪
2025-03-28,127.15,128.58,125.48,125.82,114940,比亚迪
2025-03-31,124.98,126.08,122.98,123.28,115784,比亚迪
2025-04-01,124.24,124.27,119.77,120.15,154072,比亚迪
2025-04-02,119.98,120.21,117.94,118.48,117100,比亚迪
2025-04-03,116.82,118.83,116.4,117.49,101023,比亚迪
2025-04-07,109.43,110.88,105.57,105.57,273498,比亚迪
2025-04-08,105.57,110.28,104.32,107.49,274644,比亚迪
2025-04-09,104.92,107.65,102.87,106.52,211939,比亚迪
2025-04-10,109.82,114.0,109.65,110.45,210896,比亚迪
2025-04-11,110.65,117.5,110.45,116.64,189945,比亚迪
2025-04-14,119.38,119.55,116.85,117.98,142069,比亚迪
2025-04-15,119.85,119.98,117.43,118.31,116516,比亚迪
2025-04-16,117.19,117.32,114.35,115.7,131828,比亚迪
2025-04-17,114.96,116.13,113.87,114.88,85289,比亚迪
2025-04-18,114.28,114.28,112.98,113.65,73860,比亚迪
2025-04-21,113.65,114.94,113.4,114.57,74953,比亚迪
2025-04-22,114.57,117.29,113.91,116.6,112122,比亚迪
2025-04-23,123.98,124.32,120.73,122.31,247927,比亚迪
2025-04-24,122.48,123.18,119.43,120.32,150892,比亚迪
2025-04-25,121.65,123.42,121.02,121.93,133869,比亚迪
2025-04-28,120.69,120.69,117.17,118.32,179783,比亚迪
2025-04-29,118.02,118.53,115.98,116.65,118983,比亚迪
2025-04-30,116.62,116.63,114.75,116.01,130479,比亚迪
2025-05-06,118.32,119.08,116.96,118.3,148294,比亚迪
2025-05-07,119.98,120.21,117.7,118.05,108840,比亚迪
2025-05-08,117.16,118.98,116.88,118.08,83382,比亚迪
2025-05-09,118.57,120.32,118.08,119.39,143726,比亚迪
2025-05-12,119.98,121.74,118.51,121.74,161370,比亚迪
2025-05-13,123.65,123.84,120.33,120.48,131771,比亚迪
2025-05-14,120.48,122.68,119.44,122.68,135693,比亚迪
2025-05-15,122.65,126.65,121.41,123.92,208801,比亚迪
2025-05-16,123.33,128.65,122.84,128.04,229328,比亚迪
2025-05-19,127.65,127.65,123.98,125.92,161373,比亚迪
2025-05-20,126.15,129.92,125.48,129.92,172100,比亚迪
2025-05-21,129.63,132.98,128.65,131.65,199479,比亚迪
2025-05-22,131.64,133.5,130.98,131.25,146363,比亚迪
2025-05-23,131.32,137.31,131.03,133.32,235574,比亚迪
2025-05-26,132.25,132.65,124.98,125.32,309551,比亚迪
2025-05-27,123.61,125.32,121.28,122.45,230275,比亚迪
2025-05-28,122.45,122.63,119.01,119.28,177754,比亚迪
2025-05-29,118.18,120.32,116.68,118.69,192061,比亚迪
2025-05-30,117.32,117.92,115.42,115.75,190560,比亚迪
2025-06-03,115.4,117.65,114.65,116.98,181893,比亚迪
2025-06-04,118.15,119.76,117.7,118.49,146904,比亚迪
2025-06-05,119.11,119.23,116.99,118.57,108613,比亚迪
2025-06-06,118.65,119.11,117.48,118.3,89698,比亚迪
2025-06-09,117.02,117.12,113.35,114.36,255091,比亚迪
2025-06-10,114.85,116.65,114.39,116.03,171786,比亚迪
2025-06-11,116.32,120.31,116.32,118.98,203107,比亚迪
2025-06-12,118.28,118.28,115.99,116.06,144047,比亚迪
2025-06-13,114.82,114.95,112.15,113.65,210240,比亚迪
2025-06-16,113.65,114.0,111.92,113.13,102284,比亚迪
2025-06-17,112.98,113.78,112.45,112.9,70045,比亚迪
2025-06-18,112.59,114.72,112.31,113.97,102897,比亚迪
2025-06-19,112.99,113.41,111.77,111.82,100381,比亚迪
2025-06-20,111.66,112.64,111.58,111.73,73538,比亚迪
2025-06-23,110.6,111.55,109.52,111.05,94593,比亚迪
2025-06-24,112.06,113.72,112.06,112.78,144713,比亚迪
2025-06-25,113.65,114.89,112.66,114.74,125738,比亚迪
2025-06-26,113.09,113.09,110.59,110.8,204932,比亚迪
2025-06-27,109.65,110.56,109.46,109.73,138617,比亚迪
2025-06-30,109.73,109.73,107.85,108.95,144003,比亚迪
2025-07-01,108.42,109.43,107.91,108.76,88518,比亚迪
2025-07-02,108.98,109.6,107.96,108.54,93270,比亚迪
2025-07-03,108.64,110.07,108.54,109.84,123498,比亚迪
2025-07-04,109.17,109.98,108.24,108.65,104104,比亚迪
2025-07-07,108.05,108.48,107.8,107.85,88208,比亚迪
2025-07-08,107.32,108.24,106.89,107.28,116918,比亚迪
2025-07-09,107.28,107.72,106.91,106.92,121633,比亚迪
2025-07-10,106.92,107.01,104.6,105.39,210022,比亚迪
2025-07-11,104.95,107.27,104.66,106.29,168270,比亚迪
2025-07-14,106.29,106.29,104.17,104.48,172309,比亚迪
2025-07-15,104.38,106.65,104.32,106.0,162791,比亚迪
2025-07-16,106.0,106.95,106.0,106.22,110758,比亚迪
2025-07-17,106.65,107.89,106.35,107.66,156891,比亚迪
2025-07-18,108.03,108.15,106.73,108.02,136866,比亚迪
2025-07-21,107.65,109.69,107.4,109.69,153945,比亚迪
2025-07-22,109.98,112.32,109.39,112.21,214164,比亚迪
2025-07-23,112.35,112.65,110.65,111.01,158907,比亚迪
2025-07-24,111.01,113.83,110.86,112.56,189063,比亚迪
2025-07-25,111.98,112.12,109.98,110.96,157041,比亚迪
2025-07-28,110.96,111.35,110.16,110.65,117057,比亚迪
2025-07-29,111.65,112.14,109.41,111.06,387360,比亚迪
2025-07-30,107.69,110.8,106.76,108.34,524834,比亚迪
2025-07-31,107.84,107.84,104.64,104.88,599499,比亚迪
2025-08-01,104.59,105.88,104.0,105.44,362337,比亚迪
2025-08-04,103.64,104.78,102.21,104.52,412937,比亚迪
2025-08-05,104.52,104.85,103.42,104.5,338350,比亚迪
2025-08-06,104.5,104.64,103.54,103.99,305620,比亚迪
2025-08-07,103.91,106.07,103.8,104.97,428763,比亚迪
2025-08-08,104.64,104.67,103.55,103.57,326615,比亚迪
2025-08-11,103.52,105.3,102.87,105.16,356698,比亚迪
2025-08-12,105.04,106.07,104.34,105.31,312195,比亚迪
2025-08-13,105.93,107.29,105.48,106.47,459830,比亚迪
2025-08-14,107.01,107.14,105.43,106.01,419548,比亚迪
2025-08-15,105.49,106.28,104.96,105.71,361353,比亚迪
2025-08-18,105.3,109.13,105.3,108.01,619252,比亚迪
2025-08-19,108.31,108.56,106.82,107.27,389735,比亚迪
2025-08-20,106.82,107.9,105.65,107.89,385053,比亚迪
2025-08-21,107.44,108.47,106.64,106.74,449464,比亚迪
2025-08-22,106.75,110.61,106.75,110.3,763120,比亚迪
2025-08-25,110.95,112.13,109.95,111.25,611628,比亚迪
2025-08-26,111.39,114.33,110.35,113.39,692916,比亚迪
2025-08-27,113.6,113.7,110.3,110.32,689747,比亚迪
2025-08-28,109.03,109.83,106.75,108.96,762522,比亚迪
2025-08-29,108.52,116.23,107.76,113.7,1144902,比亚迪
2025-09-01,108.14,111.12,108.14,109.34,1329867,比亚迪
2025-09-02,108.43,110.74,108.24,109.66,773224,比亚迪
2025-09-03,110.14,110.37,106.65,106.85,735223,比亚迪
2025-09-04,106.23,106.73,103.35,103.64,815741,比亚迪
2025-09-05,103.5,107.14,102.75,106.9,787524,比亚迪
2025-09-08,105.79,106.77,105.15,105.89,555923,比亚迪
2025-09-09,105.64,106.84,104.91,105.13,381636,比亚迪
2025-09-10,105.16,106.09,104.66,104.84,322369,比亚迪
2025-09-11,104.89,106.24,104.53,106.23,537781,比亚迪
2025-09-12,106.24,107.22,105.54,105.55,455910,比亚迪
2025-09-15,105.64,110.49,105.64,108.34,974804,比亚迪
2025-09-16,108.64,108.64,106.86,107.44,533160,比亚迪
2025-09-17,107.84,111.64,107.84,110.63,981240,比亚迪
2025-09-18,110.63,112.44,108.2,109.35,934014,比亚迪
2025-09-19,109.44,110.44,108.64,108.73,472977,比亚迪
2025-09-22,108.51,108.55,106.79,107.63,491559,比亚迪
2025-09-23,107.09,107.33,104.28,105.24,650963,比亚迪
2025-09-24,104.64,105.47,103.64,105.35,548162,比亚迪
2025-09-25,104.98,108.44,104.51,107.14,693482,比亚迪
2025-09-26,107.09,110.87,106.64,106.93,756612,比亚迪
2025-09-29,106.64,108.78,106.03,108.25,613984,比亚迪
2025-09-30,107.83,109.62,107.4,108.85,567756,比亚迪
2025-10-09,108.31,112.12,107.71,110.24,1008722,比亚迪
2025-10-10,110.19,110.19,107.22,107.43,590103,比亚迪
2025-10-13,104.64,105.62,103.74,105.33,744430,比亚迪
2025-10-14,106.32,109.0,105.26,105.63,767786,比亚迪
2025-10-15,106.09,107.15,105.14,106.74,475791,比亚迪
2025-10-16,106.64,108.94,106.15,106.6,523096,比亚迪
2025-10-17,106.24,106.27,103.9,104.07,625725,比亚迪
2025-10-20,104.86,105.27,103.72,104.16,355615,比亚迪
2025-10-21,104.33,104.71,103.88,104.4,299074,比亚迪
2025-10-22,103.74,103.96,103.01,103.42,357874,比亚迪
2025-10-23,102.94,103.37,101.64,103.33,378603,比亚迪
2025-10-24,103.62,104.01,103.25,103.4,305543,比亚迪
2025-10-27,103.64,104.61,103.52,103.65,345988,比亚迪
2025-10-28,103.66,103.96,103.14,103.36,265416,比亚迪
2025-10-29,103.37,104.82,102.64,104.16,397340,比亚迪
2025-10-30,103.64,104.5,103.14,103.25,358989,比亚迪
2025-10-31,100.64,100.96,99.64,100.43,637053,比亚迪
2025-11-03,100.43,100.63,98.14,99.24,551670,比亚迪
2025-11-04,98.64,99.18,97.35,97.44,435017,比亚迪
2025-11-05,96.3,96.3,94.37,95.44,587215,比亚迪
2025-11-06,95.22,97.39,95.04,97.16,402004,比亚迪
2025-11-07,96.64,97.79,96.47,96.84,322561,比亚迪
2025-11-10,96.99,99.99,96.99,99.03,554877,比亚迪
2025-11-11,99.14,99.42,97.78,98.35,319858,比亚迪
2025-11-12,98.44,98.63,97.18,97.41,260643,比亚迪
2025-11-13,96.65,100.14,96.65,99.47,579990,比亚迪
2025-11-14,98.64,100.14,97.97,98.01,342985,比亚迪
2025-11-17,97.44,98.23,96.89,97.72,207248,比亚迪
2025-11-18,97.18,97.49,95.66,96.13,304756,比亚迪
2025-11-19,96.04,96.3,94.65,94.81,348292,比亚迪
2025-11-20,94.81,95.14,93.14,93.25,391811,比亚迪
2025-11-21,92.13,94.03,91.34,92.34,451713,比亚迪
2025-11-24,92.74,94.05,91.84,93.57,327302,比亚迪
2025-11-25,93.64,95.02,93.34,93.55,277489,比亚迪
2025-11-26,94.39,95.08,94.09,94.73,306577,比亚迪
2025-11-27,94.24,94.8,93.86,93.93,202280,比亚迪
2025-11-28,94.24,94.87,93.84,94.81,219351,比亚迪
2025-12-01,95.03,95.94,94.78,95.41,233713,比亚迪
2025-12-02,96.06,97.44,95.89,96.26,359217,比亚迪
2025-12-03,96.28,96.29,94.53,94.69,231573,比亚迪
2025-12-04,94.56,94.93,93.84,94.88,166142,比亚迪
2025-12-05,94.93,95.86,94.35,95.62,211618,比亚迪
2025-12-08,95.85,96.79,95.85,96.17,247805,比亚迪
2025-12-09,95.85,96.3,95.34,95.67,163227,比亚迪
2025-12-10,95.24,96.29,94.54,96.11,198402,比亚迪
2025-12-11,96.62,96.76,95.49,95.87,250908,比亚迪
2025-12-12,95.84,97.34,95.29,96.64,554621,比亚迪
2025-12-15,96.19,96.8,95.17,95.17,293301,比亚迪
2025-12-16,95.14,95.34,93.78,93.89,258768,比亚迪
2025-12-17,94.14,95.34,93.32,94.85,272825,比亚迪
2025-12-18,94.03,94.24,93.14,93.17,252797,比亚迪
2025-12-19,93.64,94.91,93.37,93.87,272068,比亚迪
2025-12-22,94.34,95.0,93.89,94.01,206235,比亚迪
2025-12-23,94.14,95.14,94.14,94.45,236617,比亚迪
2025-12-24,94.44,94.44,93.69,94.06,192810,比亚迪
2025-12-25,94.07,94.87,93.76,94.48,182202,比亚迪
2025-12-26,94.92,101.09,94.89,99.65,1020959,比亚迪
2025-12-29,100.14,100.94,99.24,99.85,519167,比亚迪
2025-12-30,98.9,99.79,98.38,99.39,318756,比亚迪
2025-12-31,99.62,99.84,97.02,97.36,402859,比亚迪
2026-01-05,98.04,99.12,97.54,97.75,382625,比亚迪
2026-01-06,97.86,100.14,97.76,99.63,521785,比亚迪
2026-01-07,99.6,99.6,96.7,97.24,560849,比亚迪
2026-01-08,96.84,96.84,95.97,96.52,300655,比亚迪
2026-01-09,96.69,97.59,96.54,96.65,350341,比亚迪
2026-01-12,96.65,97.64,95.94,97.11,425257,比亚迪
2026-01-13,98.64,99.24,96.52,96.83,498723,比亚迪
2026-01-14,96.45,97.38,95.15,95.74,514750,比亚迪
2026-01-15,95.72,96.28,95.24,95.31,295635,比亚迪
2026-01-16,96.34,97.08,95.24,95.5,384588,比亚迪
2026-01-19,96.45,96.94,95.41,95.83,334927,比亚迪
2026-01-20,95.86,95.9,94.32,94.38,389149,比亚迪
2026-01-21,93.65,94.58,93.64,93.74,308334,比亚迪
2026-01-22,94.36,94.77,93.53,93.76,291014,比亚迪
2026-01-23,93.88,94.0,93.15,93.29,383303,比亚迪
2026-01-26,93.29,93.3,92.14,92.27,375460,比亚迪
2026-01-27,92.31,92.63,91.44,91.45,362981,比亚迪
2026-01-28,91.44,93.14,89.65,92.98,715566,比亚迪
2026-01-29,92.3,92.56,91.25,91.95,371825,比亚迪
2026-01-30,91.91,91.91,90.34,90.53,329176,比亚迪
2026-02-02,87.64,88.73,86.61,86.69,646974,比亚迪
2026-02-03,86.84,87.04,85.52,87.01,377827,比亚迪
2026-02-04,86.63,88.97,86.09,88.78,376505,比亚迪
2026-02-05,88.14,90.87,87.97,89.75,354240,比亚迪
2026-02-06,89.03,90.3,88.64,89.46,247088,比亚迪
2026-02-09,90.14,90.29,89.47,89.7,208180,比亚迪
2026-02-10,89.64,91.21,89.48,90.45,267605,比亚迪
2026-02-11,90.52,92.59,90.52,91.92,396950,比亚迪
2026-02-12,91.93,91.99,90.72,90.8,230313,比亚迪
2026-02-13,89.69,90.73,89.52,89.91,217339,比亚迪
2026-02-24,91.62,91.63,90.25,90.51,206445,比亚迪
2026-02-25,90.53,92.43,90.53,91.09,324780,比亚迪
2026-02-26,91.04,91.04,89.25,89.49,291019,比亚迪
2026-02-27,89.04,89.58,88.74,88.96,219341,比亚迪
2026-03-02,87.64,96.89,87.36,96.43,1435137,比亚迪
2026-03-03,96.03,96.63,93.63,94.85,865741,比亚迪
2026-03-04,94.84,96.44,93.34,95.63,700969,比亚迪
2026-03-05,96.44,96.46,93.53,94.11,552440,比亚迪
2026-03-06,95.64,95.64,92.89,93.26,503540,比亚迪
2026-03-09,93.26,97.64,92.64,97.16,1093409,比亚迪
2026-03-10,96.82,97.13,95.72,96.24,507462,比亚迪
2026-03-11,96.39,99.98,95.31,98.86,903744,比亚迪
2026-03-12,98.87,100.33,98.34,98.74,502524,比亚迪
2026-03-13,98.64,100.43,97.94,99.31,519765,比亚迪
2026-03-16,99.31,104.64,98.43,104.26,1087814,比亚迪
2026-03-17,104.27,106.3,102.35,102.51,841389,比亚迪
2026-03-18,102.46,102.46,99.69,101.33,617996,比亚迪
2026-03-19,100.63,103.52,100.11,101.95,531059,比亚迪
2026-03-20,101.64,104.09,101.2,102.67,628783,比亚迪
2026-03-23,103.51,111.46,102.82,107.27,1782446,比亚迪
2026-03-24,108.04,108.04,104.57,106.28,921446,比亚迪
2026-03-25,106.36,107.3,104.92,106.24,662665,比亚迪
2026-03-26,106.26,107.32,102.34,102.78,828121,比亚迪
2026-03-27,103.63,105.53,102.39,104.94,658455,比亚迪
2026-03-30,103.15,107.64,102.89,105.69,727557,比亚迪
2026-03-31,106.64,108.13,104.74,104.89,588659,比亚迪
2026-04-01,105.54,106.14,102.01,102.29,715198,比亚迪
2026-04-02,102.13,103.12,100.14,101.29,604349,比亚迪
2026-04-03,101.44,101.94,98.64,98.65,491745,比亚迪
2026-04-07,99.14,99.41,97.09,97.62,379697,比亚迪
2026-04-08,98.14,100.92,97.75,100.86,562818,比亚迪
2026-04-09,99.85,99.85,98.45,98.67,379063,比亚迪
2026-04-10,99.03,101.84,98.67,101.31,605731,比亚迪
2026-04-13,101.21,104.63,100.45,103.89,663136,比亚迪
2026-04-14,102.64,103.83,102.14,103.46,543343,比亚迪
2026-04-15,103.46,104.41,102.14,102.67,428719,比亚迪
2026-04-16,102.92,105.61,102.92,105.18,643661,比亚迪
2026-04-17,104.63,105.1,102.76,103.42,442048,比亚迪
2026-04-20,103.42,103.59,102.26,102.55,383677,比亚迪
2026-04-21,102.55,102.83,100.97,101.17,432258,比亚迪
2026-04-22,100.75,102.02,100.24,101.26,343733,比亚迪
2026-04-23,101.21,101.23,98.65,99.62,492164,比亚迪
2026-04-24,99.55,99.55,98.34,99.1,337739,比亚迪
2026-04-27,99.64,103.64,99.52,101.98,601670,比亚迪
2026-04-28,101.49,102.94,100.98,101.12,361550,比亚迪
2026-04-29,101.11,105.28,100.64,105.04,1056558,比亚迪
2026-04-30,104.18,105.09,102.01,102.62,600979,比亚迪
2026-05-06,101.34,101.53,99.84,100.39,670487,比亚迪
2026-05-07,100.69,100.9,99.65,100.1,468846,比亚迪
2026-05-08,100.11,100.64,99.44,99.66,382158,比亚迪
2026-05-11,99.66,100.37,98.64,100.08,482810,比亚迪
2026-05-12,99.61,99.74,98.74,98.87,353441,比亚迪
2026-05-13,98.87,98.89,97.45,98.24,456194,比亚迪
2026-05-14,98.64,99.64,98.09,98.37,339180,比亚迪
2026-05-15,97.64,97.67,95.9,95.94,466217,比亚迪
2026-05-18,94.98,95.58,93.94,94.15,354613,比亚迪
2026-05-19,94.15,95.72,93.44,95.64,296184,比亚迪
2026-05-20,94.94,95.13,92.94,93.0,415010,比亚迪
2026-05-21,93.05,95.84,93.05,93.15,373950,比亚迪
2026-05-22,93.19,93.83,92.25,93.39,268592,比亚迪
2026-05-25,94.64,96.85,94.64,95.6,405995,比亚迪
2026-05-26,95.44,96.56,94.15,96.19,386524,比亚迪
2026-05-27,95.64,96.91,94.3,94.86,362374,比亚迪
2026-05-28,94.86,95.63,93.67,95.52,314590,比亚迪
2026-05-29,98.54,99.14,95.77,95.82,606294,比亚迪
2026-06-01,95.82,95.86,93.24,93.29,445981,比亚迪
2026-06-02,95.64,96.52,93.95,96.4,554964,比亚迪
2026-06-03,95.64,95.64,94.14,94.46,370434,比亚迪
2026-06-04,93.24,94.03,92.74,93.08,318712,比亚迪
2026-06-05,93.16,93.64,91.94,92.65,339969,比亚迪
2026-06-08,90.64,91.66,89.94,90.83,316844,比亚迪
2026-06-09,90.86,91.56,89.67,91.53,281927,比亚迪
2026-06-10,90.64,90.64,89.74,89.95,241287,比亚迪
2026-06-11,89.74,90.44,88.52,89.44,315087,比亚迪
2026-06-12,89.54,91.42,88.89,91.24,385352,比亚迪
2026-06-15,91.25,91.54,90.04,90.46,312979,比亚迪
2026-06-16,89.99,90.14,89.14,89.28,336019,比亚迪
2026-06-17,88.64,88.94,86.64,87.11,495267,比亚迪
2026-06-18,86.64,88.97,85.72,87.77,435790,比亚迪
2026-06-22,86.64,87.54,84.24,87.23,637242,比亚迪
2026-06-23,86.55,87.96,84.39,84.64,466217,比亚迪
2026-06-24,84.14,84.34,82.42,82.94,455735,比亚迪
2026-06-25,82.44,83.45,80.98,81.84,556432,比亚迪
2026-06-26,81.15,81.44,77.84,77.84,663208,比亚迪
2026-06-29,77.84,80.59,77.24,79.28,523707,比亚迪
2026-06-30,79.22,80.19,78.22,79.34,382043,比亚迪
2026-07-01,79.54,81.29,78.19,80.3,503177,比亚迪
2026-07-02,81.54,85.31,81.54,83.21,825046,比亚迪
2026-07-03,83.37,88.52,83.24,88.11,838982,比亚迪
2026-07-06,88.16,88.59,86.25,87.18,485828,比亚迪
2026-07-07,87.3,88.45,85.51,85.9,389470,比亚迪
2026-07-08,85.65,87.98,84.92,87.44,403809,比亚迪
2026-07-09,86.14,87.41,85.44,86.51,377393,比亚迪
2026-07-10,86.48,90.47,84.52,89.64,709332,比亚迪
2026-07-13,88.64,88.64,86.42,86.62,424585,比亚迪
2026-07-14,86.53,90.32,86.14,89.82,547075,比亚迪
2026-07-15,89.29,93.12,89.09,91.4,514154,比亚迪
2026-07-16,91.38,94.4,90.79,93.78,607204,比亚迪
2026-07-17,93.78,95.59,91.54,93.11,687346,比亚迪
2026-07-20,93.13,94.92,92.41,93.56,439890,比亚迪
2026-07-21,93.57,96.44,92.99,93.94,671593,比亚迪
2026-07-22,92.27,92.64,90.15,91.21,603550,比亚迪
2026-07-23,90.41,92.51,89.65,92.29,338014,比亚迪
2026-07-24,91.17,92.72,90.95,91.53,243034,比亚迪
2026-07-27,91.96,92.84,91.17,92.04,265332,比亚迪
2026-07-28,91.66,94.25,91.66,92.99,364015,比亚迪
2026-07-29,93.19,95.91,92.74,94.49,514457,比亚迪
2026-07-30,94.56,96.3,94.39,95.84,480361,比亚迪
2026-07-31,93.72,95.86,93.13,95.77,436131,比亚迪
